,
,
,
,
,Dis-
,"charge,"
Date,"ft3/s,"
,(Mean)
,
10/01/1974,"20,400A  "
10/02/1974,"20,000A  "
10/03/1974,"19,200A  "
10/04/1974,"23,900A  "
10/05/1974,"23,500A  "
10/06/1974,"20,600A  "
10/07/1974,"16,800A  "
10/08/1974,"19,600A  "
10/09/1974,"18,000A  "
10/10/1974,"16,600A  "
10/11/1974,"14,700A  "
10/12/1974,"15,100A  "
10/13/1974,"15,500A  "
10/14/1974,"14,100A  "
10/15/1974,"13,700A  "
10/16/1974,"16,500A  "
10/17/1974,"24,300A  "
10/18/1974,"29,800A  "
10/19/1974,"24,400A  "
10/20/1974,"18,000A  "
10/21/1974,"18,200A  "
10/22/1974,"14,700A  "
10/23/1974,"16,600A  "
10/24/1974,"18,100A  "
10/25/1974,"18,400A  "
10/26/1974,"18,200A  "
10/27/1974,"16,400A  "
10/28/1974,"14,900A  "
10/29/1974,"15,400A  "
10/30/1974,"16,800A  "
10/31/1974,"16,900A  "
11/01/1974,"17,700A  "
11/02/1974,"17,400A  "
11/03/1974,"16,400A  "
11/04/1974,"14,300A  "
11/05/1974,"22,800A  "
11/06/1974,"39,300A  "
11/07/1974,"40,000A  "
11/08/1974,"37,900A  "
11/09/1974,"34,300A  "
11/10/1974,"30,200A  "
11/11/1974,"25,200A  "
11/12/1974,"30,600A  "
11/13/1974,"39,600A  "
11/14/1974,"43,300A  "
11/15/1974,"45,600A  "
11/16/1974,"44,900A  "
11/17/1974,"43,100A  "
11/18/1974,"39,700A  "
11/19/1974,"35,900A  "
11/20/1974,"37,500A  "
11/21/1974,"50,300A  "
11/22/1974,"60,100A  "
11/23/1974,"69,600A  "
11/24/1974,"71,500A  "
11/25/1974,"71,100A  "
11/26/1974,"79,300A  "
11/27/1974,"94,000A  "
11/28/1974,"92,000A  "
11/29/1974,"82,900A  "
11/30/1974,"75,000A  "
12/01/1974,"84,600A  "
12/02/1974,"88,100A  "
12/03/1974,"98,500A  "
12/04/1974,"97,700A  "
12/05/1974,"82,100A  "
12/06/1974,"69,200A  "
12/07/1974,"63,600A  "
12/08/1974,"77,400A  "
12/09/1974,"127,000A  "
12/10/1974,"139,000A  "
12/11/1974,"122,000A  "
12/12/1974,"106,000A  "
12/13/1974,"99,500A  "
12/14/1974,"97,000A  "
12/15/1974,"88,200A  "
12/16/1974,"96,100A  "
12/17/1974,"106,000A  "
12/18/1974,"113,000A  "
12/19/1974,"102,000A  "
12/20/1974,"92,400A  "
12/21/1974,"83,700A  "
12/22/1974,"76,100A  "
12/23/1974,"72,200A  "
12/24/1974,"68,000A  "
12/25/1974,"82,200A  "
12/26/1974,"108,000A  "
12/27/1974,"130,000A  "
12/28/1974,"124,000A  "
12/29/1974,"111,000A  "
12/30/1974,"106,000A  "
12/31/1974,"99,400A  "
01/01/1975,"112,000A  "
01/02/1975,"137,000A  "
01/03/1975,"140,000A  "
01/04/1975,"121,000A  "
01/05/1975,"108,000A  "
01/06/1975,"100,000A  "
01/07/1975,"83,400A  "
01/08/1975,"78,900A  "
01/09/1975,"76,100A  "
01/10/1975,"92,300A  "
01/11/1975,"102,000A  "
01/12/1975,"97,700A  "
01/13/1975,"87,700A  "
01/14/1975,"90,200A  "
01/15/1975,"82,700A  "
01/16/1975,"79,000A  "
01/17/1975,"72,700A  "
01/18/1975,"69,400A  "
01/19/1975,"78,100A  "
01/20/1975,"92,900A  "
01/21/1975,"103,000A  "
01/22/1975,"86,700A  "
01/23/1975,"73,500A  "
01/24/1975,"70,300A  "
01/25/1975,"75,200A  "
01/26/1975,"108,000A  "
01/27/1975,"127,000A  "
01/28/1975,"117,000A  "
01/29/1975,"104,000A  "
01/30/1975,"140,000A  "
01/31/1975,"171,000A  "
02/01/1975,"178,000A  "
02/02/1975,"151,000A  "
02/03/1975,"140,000A  "
02/04/1975,"131,000A  "
02/05/1975,"126,000A  "
02/06/1975,"152,000A  "
02/07/1975,"156,000A  "
02/08/1975,"142,000A  "
02/09/1975,"119,000A  "
02/10/1975,"97,400A  "
02/11/1975,"79,900A  "
02/12/1975,"83,000A  "
02/13/1975,"91,600A  "
02/14/1975,"83,000A  "
02/15/1975,"76,300A  "
02/16/1975,"67,000A  "
02/17/1975,"69,900A  "
02/18/1975,"80,500A  "
02/19/1975,"103,000A  "
02/20/1975,"115,000A  "
02/21/1975,"105,000A  "
02/22/1975,"91,300A  "
02/23/1975,"126,000A  "
02/24/1975,"263,000A  "
02/25/1975,"319,000A  "
02/26/1975,"334,000A  "
02/27/1975,"306,000A  "
02/28/1975,"173,000A  "
03/01/1975,"143,000A  "
03/02/1975,"131,000A  "
03/03/1975,"123,000A  "
03/04/1975,"112,000A  "
03/05/1975,"107,000A  "
03/06/1975,"93,000A  "
03/07/1975,"88,800A  "
03/08/1975,"108,000A  "
03/09/1975,"119,000A  "
03/10/1975,"117,000A  "
03/11/1975,"98,700A  "
03/12/1975,"118,000A  "
03/13/1975,"162,000A  "
03/14/1975,"159,000A  "
03/15/1975,"162,000A  "
03/16/1975,"145,000A  "
03/17/1975,"127,000A  "
03/18/1975,"117,000A  "
03/19/1975,"133,000A  "
03/20/1975,"170,000A  "
03/21/1975,"213,000A  "
03/22/1975,"219,000A  "
03/23/1975,"182,000A  "
03/24/1975,"181,000A  "
03/25/1975,"182,000A  "
03/26/1975,"165,000A  "
03/27/1975,"146,000A  "
03/28/1975,"132,000A  "
03/29/1975,"120,000A  "
03/30/1975,"118,000A  "
03/31/1975,"117,000A  "
04/01/1975,"112,000A  "
04/02/1975,"98,400A  "
04/03/1975,"92,000A  "
04/04/1975,"97,100A  "
04/05/1975,"102,000A  "
04/06/1975,"91,600A  "
04/07/1975,"77,200A  "
04/08/1975,"66,900A  "
04/09/1975,"66,600A  "
04/10/1975,"55,800A  "
04/11/1975,"47,500A  "
04/12/1975,"47,800A  "
04/13/1975,"42,900A  "
04/14/1975,"35,700A  "
04/15/1975,"37,300A  "
04/16/1975,"37,000A  "
04/17/1975,"36,400A  "
04/18/1975,"32,100A  "
04/19/1975,"32,700A  "
04/20/1975,"38,300A  "
04/21/1975,"34,700A  "
04/22/1975,"36,400A  "
04/23/1975,"32,400A  "
04/24/1975,"63,600A  "
04/25/1975,"123,000A  "
04/26/1975,"188,000A  "
04/27/1975,"191,000A  "
04/28/1975,"140,000A  "
04/29/1975,"105,000A  "
04/30/1975,"115,000A  "
05/01/1975,"105,000A  "
05/02/1975,"97,600A  "
05/03/1975,"87,800A  "
05/04/1975,"90,200A  "
05/05/1975,"106,000A  "
05/06/1975,"111,000A  "
05/07/1975,"90,900A  "
05/08/1975,"86,900A  "
05/09/1975,"85,600A  "
05/10/1975,"78,200A  "
05/11/1975,"69,000A  "
05/12/1975,"58,800A  "
05/13/1975,"48,500A  "
05/14/1975,"55,400A  "
05/15/1975,"46,300A  "
05/16/1975,"58,800A  "
05/17/1975,"56,800A  "
05/18/1975,"60,200A  "
05/19/1975,"48,100A  "
05/20/1975,"54,300A  "
05/21/1975,"44,900A  "
05/22/1975,"35,200A  "
05/23/1975,"47,100A  "
05/24/1975,"50,100A  "
05/25/1975,"60,300A  "
05/26/1975,"42,700A  "
05/27/1975,"51,900A  "
05/28/1975,"50,400A  "
05/29/1975,"42,900A  "
05/30/1975,"54,300A  "
05/31/1975,"51,400A  "
06/01/1975,"52,400A  "
06/02/1975,"55,300A  "
06/03/1975,"71,200A  "
06/04/1975,"54,400A  "
06/05/1975,"48,800A  "
06/06/1975,"78,800A  "
06/07/1975,"98,000A  "
06/08/1975,"95,000A  "
06/09/1975,"80,500A  "
06/10/1975,"67,400A  "
06/11/1975,"58,400A  "
06/12/1975,"64,400A  "
06/13/1975,"69,400A  "
06/14/1975,"73,400A  "
06/15/1975,"69,600A  "
06/16/1975,"57,400A  "
06/17/1975,"66,400A  "
06/18/1975,"61,400A  "
06/19/1975,"57,400A  "
06/20/1975,"45,700A  "
06/21/1975,"42,200A  "
06/22/1975,"38,400A  "
06/23/1975,"41,000A  "
06/24/1975,"33,500A  "
06/25/1975,"26,100A  "
06/26/1975,"30,000A  "
06/27/1975,"40,500A  "
06/28/1975,"42,700A  "
06/29/1975,"47,600A  "
06/30/1975,"28,800A  "
07/01/1975,"25,400A  "
07/02/1975,"24,200A  "
07/03/1975,"20,000A  "
07/04/1975,"15,500A  "
07/05/1975,"23,700A  "
07/06/1975,"17,300A  "
07/07/1975,"19,000A  "
07/08/1975,"15,800A  "
07/09/1975,"18,900A  "
07/10/1975,"22,200A  "
07/11/1975,"21,600A  "
07/12/1975,"17,000A  "
07/13/1975,"15,500A  "
07/14/1975,"14,100A  "
07/15/1975,"15,700A  "
07/16/1975,"13,500A  "
07/17/1975,"12,300A  "
07/18/1975,"14,100A  "
07/19/1975,"10,200A  "
07/20/1975,"13,100A  "
07/21/1975,"11,500A  "
07/22/1975,"20,600A  "
07/23/1975,"8,500A  "
07/24/1975,"12,000A  "
07/25/1975,"23,200A  "
07/26/1975,"8,100A  "
07/27/1975,"15,200A  "
07/28/1975,"13,300A  "
07/29/1975,"9,200A  "
07/30/1975,"6,300A  "
07/31/1975,"5,500A  "
08/01/1975,"11,600A  "
08/02/1975,"8,970A  "
08/03/1975,"7,300A  "
08/04/1975,"12,700A  "
08/05/1975,"8,620A  "
08/06/1975,"16,400A  "
08/07/1975,"15,000A  "
08/08/1975,"13,100A  "
08/09/1975,"12,500A  "
08/10/1975,"9,410A  "
08/11/1975,"12,300A  "
08/12/1975,"15,400A  "
08/13/1975,"16,600A  "
08/14/1975,"24,600A  "
08/15/1975,"31,000A  "
08/16/1975,"72,500A  "
08/17/1975,"83,600A  "
08/18/1975,"50,500A  "
08/19/1975,"28,100A  "
08/20/1975,"20,300A  "
08/21/1975,"16,900A  "
08/22/1975,"16,800A  "
08/23/1975,"13,800A  "
08/24/1975,"14,000A  "
08/25/1975,"14,600A  "
08/26/1975,"9,600A  "
08/27/1975,"13,900A  "
08/28/1975,"17,900A  "
08/29/1975,"12,600A  "
08/30/1975,"20,400A  "
08/31/1975,"68,400A  "
09/01/1975,"128,000A  "
09/02/1975,"93,600A  "
09/03/1975,"67,000A  "
09/04/1975,"52,900A  "
09/05/1975,"40,900A  "
09/06/1975,"40,400A  "
09/07/1975,"44,400A  "
09/08/1975,"33,100A  "
09/09/1975,"26,600A  "
09/10/1975,"28,800A  "
09/11/1975,"24,000A  "
09/12/1975,"36,600A  "
09/13/1975,"65,000A  "
09/14/1975,"56,000A  "
09/15/1975,"29,700A  "
09/16/1975,"28,600A  "
09/17/1975,"26,700A  "
09/18/1975,"32,100A  "
09/19/1975,"45,000A  "
09/20/1975,"60,000A  "
09/21/1975,"56,000A  "
09/22/1975,"54,600A  "
09/23/1975,"49,900A  "
09/24/1975,"140,000A  "
09/25/1975,"184,000A  "
09/26/1975,"108,000A  "
09/27/1975,"77,600A  "
09/28/1975,"70,400A  "
09/29/1975,"76,400A  "
09/30/1975,"71,400A  "
10/01/1975,"45,400A  "
10/02/1975,"51,200A  "
10/03/1975,"54,600A  "
10/04/1975,"44,200A  "
10/05/1975,"35,900A  "
10/06/1975,"30,300A  "
10/07/1975,"33,300A  "
10/08/1975,"29,300A  "
10/09/1975,"32,200A  "
10/10/1975,"33,400A  "
10/11/1975,"49,100A  "
10/12/1975,"46,100A  "
10/13/1975,"37,000A  "
10/14/1975,"30,000A  "
10/15/1975,"29,700A  "
10/16/1975,"33,400A  "
10/17/1975,"46,900A  "
10/18/1975,"155,000A  "
10/19/1975,"153,000A  "
10/20/1975,"129,000A  "
10/21/1975,"97,400A  "
10/22/1975,"86,800A  "
10/23/1975,"82,600A  "
10/24/1975,"69,500A  "
10/25/1975,"62,200A  "
10/26/1975,"53,200A  "
10/27/1975,"46,200A  "
10/28/1975,"41,600A  "
10/29/1975,"43,200A  "
10/30/1975,"33,000A  "
10/31/1975,"35,900A  "
11/01/1975,"31,400A  "
11/02/1975,"33,000A  "
11/03/1975,"24,700A  "
11/04/1975,"24,500A  "
11/05/1975,"26,200A  "
11/06/1975,"28,500A  "
11/07/1975,"24,000A  "
11/08/1975,"23,000A  "
11/09/1975,"24,500A  "
11/10/1975,"21,000A  "
11/11/1975,"33,200A  "
11/12/1975,"60,000A  "
11/13/1975,"101,000A  "
11/14/1975,"85,000A  "
11/15/1975,"64,500A  "
11/16/1975,"53,600A  "
11/17/1975,"48,400A  "
11/18/1975,"39,800A  "
11/19/1975,"37,800A  "
11/20/1975,"35,500A  "
11/21/1975,"31,300A  "
11/22/1975,"37,300A  "
11/23/1975,"32,800A  "
11/24/1975,"26,000A  "
11/25/1975,"29,500A  "
11/26/1975,"32,100A  "
11/27/1975,"29,500A  "
11/28/1975,"26,300A  "
11/29/1975,"26,500A  "
11/30/1975,"29,400A  "
12/01/1975,"32,000A  "
12/02/1975,"40,400A  "
12/03/1975,"44,500A  "
12/04/1975,"44,500A  "
12/05/1975,"34,800A  "
12/06/1975,"39,000A  "
12/07/1975,"53,500A  "
12/08/1975,"47,600A  "
12/09/1975,"61,000A  "
12/10/1975,"57,200A  "
12/11/1975,"57,000A  "
12/12/1975,"63,000A  "
12/13/1975,"57,500A  "
12/14/1975,"55,500A  "
12/15/1975,"59,400A  "
12/16/1975,"98,200A  "
12/17/1975,"128,000A  "
12/18/1975,"118,000A  "
12/19/1975,"87,100A  "
12/20/1975,"79,000A  "
12/21/1975,"72,500A  "
12/22/1975,"66,300A  "
12/23/1975,"60,000A  "
12/24/1975,"55,500A  "
12/25/1975,"48,500A  "
12/26/1975,"93,000A  "
12/27/1975,"140,000A  "
12/28/1975,"118,000A  "
12/29/1975,"92,500A  "
12/30/1975,"83,000A  "
12/31/1975,"109,000A  "
01/01/1976,"256,000A  "
01/02/1976,"205,000A  "
01/03/1976,"185,000A  "
01/04/1976,"151,000A  "
01/05/1976,"136,000A  "
01/06/1976,"117,000A  "
01/07/1976,"100,000A  "
01/08/1976,"95,000A  "
01/09/1976,"83,500A  "
01/10/1976,"63,400A  "
01/11/1976,"50,800A  "
01/12/1976,"54,000A  "
01/13/1976,"55,000A  "
01/14/1976,"111,000A  "
01/15/1976,"132,000A  "
01/16/1976,"107,000A  "
01/17/1976,"94,800A  "
01/18/1976,"79,000A  "
01/19/1976,"56,500A  "
01/20/1976,"54,400A  "
01/21/1976,"54,000A  "
01/22/1976,"49,700A  "
01/23/1976,"41,100A  "
01/24/1976,"36,800A  "
01/25/1976,"46,000A  "
01/26/1976,"65,500A  "
01/27/1976,"131,000A  "
01/28/1976,"157,000A  "
01/29/1976,"145,000A  "
01/30/1976,"123,000A  "
01/31/1976,"109,000A  "
02/01/1976,"92,400A  "
02/02/1976,"83,200A  "
02/03/1976,"73,800A  "
02/04/1976,"67,000A  "
02/05/1976,"57,000A  "
02/06/1976,"59,000A  "
02/07/1976,"65,500A  "
02/08/1976,"60,000A  "
02/09/1976,"54,000A  "
02/10/1976,"48,000A  "
02/11/1976,"69,300A  "
02/12/1976,"91,000A  "
02/13/1976,"103,000A  "
02/14/1976,"104,000A  "
02/15/1976,"105,000A  "
02/16/1976,"105,000A  "
02/17/1976,"144,000A  "
02/18/1976,"264,000A  "
02/19/1976,"274,000A  "
02/20/1976,"301,000A  "
02/21/1976,"281,000A  "
02/22/1976,"208,000A  "
02/23/1976,"175,000A  "
02/24/1976,"170,000A  "
02/25/1976,"170,000A  "
02/26/1976,"155,000A  "
02/27/1976,"143,000A  "
02/28/1976,"132,000A  "
02/29/1976,"121,000A  "
03/01/1976,"109,000A  "
03/02/1976,"97,800A  "
03/03/1976,"95,400A  "
03/04/1976,"99,800A  "
03/05/1976,"128,000A  "
03/06/1976,"127,000A  "
03/07/1976,"109,000A  "
03/08/1976,"100,000A  "
03/09/1976,"94,800A  "
03/10/1976,"89,200A  "
03/11/1976,"83,200A  "
03/12/1976,"89,400A  "
03/13/1976,"92,400A  "
03/14/1976,"94,100A  "
03/15/1976,"87,300A  "
03/16/1976,"84,500A  "
03/17/1976,"74,000A  "
03/18/1976,"73,000A  "
03/19/1976,"68,300A  "
03/20/1976,"70,300A  "
03/21/1976,"95,800A  "
03/22/1976,"136,000A  "
03/23/1976,"132,000A  "
03/24/1976,"107,000A  "
03/25/1976,"89,100A  "
03/26/1976,"75,100A  "
03/27/1976,"67,000A  "
03/28/1976,"59,400A  "
03/29/1976,"55,700A  "
03/30/1976,"55,500A  "
03/31/1976,"57,800A  "
04/01/1976,"79,500A  "
04/02/1976,"98,500A  "
04/03/1976,"107,000A  "
04/04/1976,"97,600A  "
04/05/1976,"89,500A  "
04/06/1976,"80,100A  "
04/07/1976,"77,300A  "
04/08/1976,"66,400A  "
04/09/1976,"58,400A  "
04/10/1976,"47,300A  "
04/11/1976,"43,600A  "
04/12/1976,"32,000A  "
04/13/1976,"34,500A  "
04/14/1976,"28,600A  "
04/15/1976,"30,600A  "
04/16/1976,"29,400A  "
04/17/1976,"24,700A  "
04/18/1976,"25,400A  "
04/19/1976,"22,400A  "
04/20/1976,"18,000A  "
04/21/1976,"26,800A  "
04/22/1976,"25,500A  "
04/23/1976,"30,700A  "
04/24/1976,"27,900A  "
04/25/1976,"27,400A  "
04/26/1976,"32,000A  "
04/27/1976,"26,700A  "
04/28/1976,"37,800A  "
04/29/1976,"32,000A  "
04/30/1976,"31,500A  "
05/01/1976,"26,300A  "
05/02/1976,"24,500A  "
05/03/1976,"27,000A  "
05/04/1976,"28,400A  "
05/05/1976,"29,100A  "
05/06/1976,"37,200A  "
05/07/1976,"28,900A  "
05/08/1976,"32,900A  "
05/09/1976,"24,600A  "
05/10/1976,"21,100A  "
05/11/1976,"20,800A  "
05/12/1976,"20,500A  "
05/13/1976,"15,200A  "
05/14/1976,"18,400A  "
05/15/1976,"15,700A  "
05/16/1976,"17,500A  "
05/17/1976,"17,600A  "
05/18/1976,"36,700A  "
05/19/1976,"31,200A  "
05/20/1976,"37,300A  "
05/21/1976,"34,500A  "
05/22/1976,"29,600A  "
05/23/1976,"29,200A  "
05/24/1976,"26,000A  "
05/25/1976,"23,900A  "
05/26/1976,"24,000A  "
05/27/1976,"23,400A  "
05/28/1976,"22,900A  "
05/29/1976,"20,700A  "
05/30/1976,"20,000A  "
05/31/1976,"18,900A  "
06/01/1976,"21,200A  "
06/02/1976,"35,300A  "
06/03/1976,"37,700A  "
06/04/1976,"27,900A  "
06/05/1976,"23,000A  "
06/06/1976,"21,600A  "
06/07/1976,"10,300A  "
06/08/1976,"12,800A  "
06/09/1976,"17,600A  "
06/10/1976,"15,200A  "
06/11/1976,"11,700A  "
06/12/1976,"9,030A  "
06/13/1976,"11,500A  "
06/14/1976,"12,400A  "
06/15/1976,"20,500A  "
06/16/1976,"13,700A  "
06/17/1976,"12,200A  "
06/18/1976,"17,000A  "
06/19/1976,"16,400A  "
06/20/1976,"32,600A  "
06/21/1976,"25,800A  "
06/22/1976,"19,500A  "
06/23/1976,"29,200A  "
06/24/1976,"23,700A  "
06/25/1976,"24,000A  "
06/26/1976,"38,000A  "
06/27/1976,"34,900A  "
06/28/1976,"31,000A  "
06/29/1976,"16,500A  "
06/30/1976,"22,700A  "
07/01/1976,"23,500A  "
07/02/1976,"23,000A  "
07/03/1976,"17,400A  "
07/04/1976,"17,300A  "
07/05/1976,"13,700A  "
07/06/1976,"11,800A  "
07/07/1976,"14,200A  "
07/08/1976,"21,300A  "
07/09/1976,"37,000A  "
07/10/1976,"36,200A  "
07/11/1976,"26,800A  "
07/12/1976,"103,000A  "
07/13/1976,"96,200A  "
07/14/1976,"64,900A  "
07/15/1976,"54,900A  "
07/16/1976,"44,000A  "
07/17/1976,"50,500A  "
07/18/1976,"49,900A  "
07/19/1976,"37,900A  "
07/20/1976,"25,300A  "
07/21/1976,"27,000A  "
07/22/1976,"35,500A  "
07/23/1976,"42,000A  "
07/24/1976,"64,400A  "
07/25/1976,"73,100A  "
07/26/1976,"55,100A  "
07/27/1976,"35,900A  "
07/28/1976,"33,900A  "
07/29/1976,"28,600A  "
07/30/1976,"24,700A  "
07/31/1976,"24,600A  "
08/01/1976,"21,400A  "
08/02/1976,"21,400A  "
08/03/1976,"20,900A  "
08/04/1976,"18,000A  "
08/05/1976,"14,100A  "
08/06/1976,"14,500A  "
08/07/1976,"23,500A  "
08/08/1976,"31,800A  "
08/09/1976,"40,900A  "
08/10/1976,"37,500A  "
08/11/1976,"26,500A  "
08/12/1976,"23,500A  "
08/13/1976,"23,300A  "
08/14/1976,"20,800A  "
08/15/1976,"30,600A  "
08/16/1976,"35,600A  "
08/17/1976,"31,800A  "
08/18/1976,"22,800A  "
08/19/1976,"24,200A  "
08/20/1976,"21,600A  "
08/21/1976,"17,200A  "
08/22/1976,"17,300A  "
08/23/1976,"15,100A  "
08/24/1976,"10,100A  "
08/25/1976,"9,890A  "
08/26/1976,"11,700A  "
08/27/1976,"15,400A  "
08/28/1976,"14,400A  "
08/29/1976,"10,200A  "
08/30/1976,"8,800A  "
08/31/1976,"13,300A  "
09/01/1976,"10,300A  "
09/02/1976,"5,200A  "
09/03/1976,"6,100A  "
09/04/1976,"7,800A  "
09/05/1976,"7,900A  "
09/06/1976,"7,700A  "
09/07/1976,"5,100A  "
09/08/1976,"5,100A  "
09/09/1976,"5,450A  "
09/10/1976,"10,100A  "
09/11/1976,"10,300A  "
09/12/1976,"6,300A  "
09/13/1976,"9,600A  "
09/14/1976,"10,100A  "
09/15/1976,"5,200A  "
09/16/1976,"9,100A  "
09/17/1976,"13,200A  "
09/18/1976,"24,900A  "
09/19/1976,"18,900A  "
09/20/1976,"17,500A  "
09/21/1976,"19,500A  "
09/22/1976,"13,300A  "
09/23/1976,"15,400A  "
09/24/1976,"17,800A  "
09/25/1976,"8,900A  "
09/26/1976,"12,400A  "
09/27/1976,"14,500A  "
09/28/1976,"30,500A  "
09/29/1976,"24,500A  "
09/30/1976,"20,900A  "
10/01/1976,"24,800A  "
10/02/1976,"39,900A  "
10/03/1976,"32,800A  "
10/04/1976,"24,600A  "
10/05/1976,"22,700A  "
10/06/1976,"20,600A  "
10/07/1976,"20,100A  "
10/08/1976,"25,500A  "
10/09/1976,"69,900A  "
10/10/1976,"137,000A  "
10/11/1976,"147,000A  "
10/12/1976,"90,000A  "
10/13/1976,"63,600A  "
10/14/1976,"58,000A  "
10/15/1976,"52,400A  "
10/16/1976,"51,100A  "
10/17/1976,"48,000A  "
10/18/1976,"38,100A  "
10/19/1976,"32,500A  "
10/20/1976,"23,500A  "
10/21/1976,"28,900A  "
10/22/1976,"26,800A  "
10/23/1976,"39,700A  "
10/24/1976,"33,200A  "
10/25/1976,"44,300A  "
10/26/1976,"69,500A  "
10/27/1976,"80,600A  "
10/28/1976,"71,900A  "
10/29/1976,"62,800A  "
10/30/1976,"54,600A  "
10/31/1976,"74,400A  "
11/01/1976,"107,000A  "
11/02/1976,"106,000A  "
11/03/1976,"86,000A  "
11/04/1976,"75,000A  "
11/05/1976,"59,000A  "
11/06/1976,"52,000A  "
11/07/1976,"47,000A  "
11/08/1976,"37,000A  "
11/09/1976,"44,000A  "
11/10/1976,"38,000A  "
11/11/1976,"37,000A  "
11/12/1976,"28,000A  "
11/13/1976,"24,500A  "
11/14/1976,"30,500A  "
11/15/1976,"24,000A  "
11/16/1976,"21,800A  "
11/17/1976,"21,700A  "
11/18/1976,"18,200A  "
11/19/1976,"24,500A  "
11/20/1976,"22,500A  "
11/21/1976,"15,000A  "
11/22/1976,"16,000A  "
11/23/1976,"17,200A  "
11/24/1976,"23,000A  "
11/25/1976,"15,000A  "
11/26/1976,"20,500A  "
11/27/1976,"27,000A  "
11/28/1976,"18,800A  "
11/29/1976,"23,500A  "
11/30/1976,"30,500A  "
12/01/1976,"29,500A  "
12/02/1976,"26,800A  "
12/03/1976,"30,500A  "
12/04/1976,"22,500A  "
12/05/1976,"18,800A  "
12/06/1976,"18,900A  "
12/07/1976,"97,000A  "
12/08/1976,"140,000A  "
12/09/1976,"110,000A  "
12/10/1976,"74,000A  "
12/11/1976,"63,500A  "
12/12/1976,"54,100A  "
12/13/1976,"48,500A  "
12/14/1976,"61,500A  "
12/15/1976,"59,000A  "
12/16/1976,"44,200A  "
12/17/1976,"43,000A  "
12/18/1976,"41,000A  "
12/19/1976,"37,000A  "
12/20/1976,"30,100A  "
12/21/1976,"33,500A  "
12/22/1976,"42,500A  "
12/23/1976,"37,000A  "
12/24/1976,"30,000A  "
12/25/1976,"28,100A  "
12/26/1976,"27,900A  "
12/27/1976,"27,700A  "
12/28/1976,"31,000A  "
12/29/1976,"34,000A  "
12/30/1976,"31,800A  "
12/31/1976,"19,500A  "
01/01/1977,"16,000A  "
01/02/1977,"16,200A  "
01/03/1977,"16,200A  "
01/04/1977,"12,000A  "
01/05/1977,"21,500A  "
01/06/1977,"21,500A  "
01/07/1977,"17,500A  "
01/08/1977,"19,100A  "
01/09/1977,"21,000A  "
01/10/1977,"16,000A  "
01/11/1977,"16,000A  "
01/12/1977,"13,800A  "
01/13/1977,"12,000A  "
01/14/1977,"12,700A  "
01/15/1977,"12,000A  "
01/16/1977,"12,900A  "
01/17/1977,"10,900A  "
01/18/1977,"15,900A  "
01/19/1977,"13,800A  "
01/20/1977,"12,600A  "
01/21/1977,"13,700A  "
01/22/1977,"13,700A  "
01/23/1977,"11,900A  "
01/24/1977,"10,900A  "
01/25/1977,"10,800A  "
01/26/1977,"10,800A  "
01/27/1977,"15,500A  "
01/28/1977,"15,500A  "
01/29/1977,"11,000A  "
01/30/1977,"11,000A  "
01/31/1977,"13,400A  "
02/01/1977,"18,000A  "
02/02/1977,"12,200A  "
02/03/1977,"10,600A  "
02/04/1977,"10,600A  "
02/05/1977,"11,300A  "
02/06/1977,"11,000A  "
02/07/1977,"13,100A  "
02/08/1977,"13,000A  "
02/09/1977,"10,800A  "
02/10/1977,"12,500A  "
02/11/1977,"12,700A  "
02/12/1977,"24,500A  "
02/13/1977,"57,900A  "
02/14/1977,"79,100A  "
02/15/1977,"80,400A  "
02/16/1977,"65,200A  "
02/17/1977,"60,600A  "
02/18/1977,"52,600A  "
02/19/1977,"45,300A  "
02/20/1977,"40,300A  "
02/21/1977,"31,900A  "
02/22/1977,"34,900A  "
02/23/1977,"55,200A  "
02/24/1977,"107,000A  "
02/25/1977,"183,000A  "
02/26/1977,"215,000A  "
02/27/1977,"201,000A  "
02/28/1977,"162,000A  "
03/01/1977,"141,000A  "
03/02/1977,"137,000A  "
03/03/1977,"116,000A  "
03/04/1977,"125,000A  "
03/05/1977,"153,000A  "
03/06/1977,"153,000A  "
03/07/1977,"141,000A  "
03/08/1977,"118,000A  "
03/09/1977,"100,000A  "
03/10/1977,"95,100A  "
03/11/1977,"89,500A  "
03/12/1977,"87,600A  "
03/13/1977,"140,000A  "
03/14/1977,"169,000A  "
03/15/1977,"172,000A  "
03/16/1977,"135,000A  "
03/17/1977,"119,000A  "
03/18/1977,"125,000A  "
03/19/1977,"187,000A  "
03/20/1977,"178,000A  "
03/21/1977,"132,000A  "
03/22/1977,"119,000A  "
03/23/1977,"129,000A  "
03/24/1977,"137,000A  "
03/25/1977,"127,000A  "
03/26/1977,"115,000A  "
03/27/1977,"98,400A  "
03/28/1977,"87,300A  "
03/29/1977,"99,600A  "
03/30/1977,"100,000A  "
03/31/1977,"93,000A  "
04/01/1977,"87,000A  "
04/02/1977,"93,900A  "
04/03/1977,"152,000A  "
04/04/1977,"248,000A  "
04/05/1977,"329,000A  "
04/06/1977,"333,000A  "
04/07/1977,"251,000A  "
04/08/1977,"171,000A  "
04/09/1977,"158,000A  "
04/10/1977,"143,000A  "
04/11/1977,"128,000A  "
04/12/1977,"117,000A  "
04/13/1977,"105,000A  "
04/14/1977,"97,500A  "
04/15/1977,"72,300A  "
04/16/1977,"59,700A  "
04/17/1977,"45,900A  "
04/18/1977,"31,700A  "
04/19/1977,"44,900A  "
04/20/1977,"34,900A  "
04/21/1977,"35,300A  "
04/22/1977,"33,000A  "
04/23/1977,"33,600A  "
04/24/1977,"35,400A  "
04/25/1977,"56,000A  "
04/26/1977,"60,000A  "
04/27/1977,"59,000A  "
04/28/1977,"54,000A  "
04/29/1977,"60,000A  "
04/30/1977,"69,000A  "
05/01/1977,"59,000A  "
05/02/1977,"54,000A  "
05/03/1977,"46,500A  "
05/04/1977,"46,900A  "
05/05/1977,"66,300A  "
05/06/1977,"82,000A  "
05/07/1977,"100,000A  "
05/08/1977,"108,000A  "
05/09/1977,"90,500A  "
05/10/1977,"69,700A  "
05/11/1977,"58,400A  "
05/12/1977,"45,500A  "
05/13/1977,"39,400A  "
05/14/1977,"31,100A  "
05/15/1977,"26,400A  "
05/16/1977,"23,600A  "
05/17/1977,"24,800A  "
05/18/1977,"19,900A  "
05/19/1977,"28,000A  "
05/20/1977,"26,100A  "
05/21/1977,"23,200A  "
05/22/1977,"18,100A  "
05/23/1977,"18,100A  "
05/24/1977,"15,200A  "
05/25/1977,"15,900A  "
05/26/1977,"24,000A  "
05/27/1977,"11,800A  "
05/28/1977,"11,100A  "
05/29/1977,"13,200A  "
05/30/1977,"8,800A  "
05/31/1977,"8,600A  "
06/01/1977,"8,930A  "
06/02/1977,"11,600A  "
06/03/1977,"11,600A  "
06/04/1977,"6,120A  "
06/05/1977,"9,300A  "
06/06/1977,"13,800A  "
06/07/1977,"7,060A  "
06/08/1977,"16,400A  "
06/09/1977,"19,600A  "
06/10/1977,"21,500A  "
06/11/1977,"19,600A  "
06/12/1977,"9,700A  "
06/13/1977,"14,400A  "
06/14/1977,"12,600A  "
06/15/1977,"12,600A  "
06/16/1977,"10,200A  "
06/17/1977,"10,300A  "
06/18/1977,"18,800A  "
06/19/1977,"24,100A  "
06/20/1977,"14,900A  "
06/21/1977,"11,200A  "
06/22/1977,"12,300A  "
06/23/1977,"12,200A  "
06/24/1977,"11,100A  "
06/25/1977,"11,200A  "
06/26/1977,"30,900A  "
06/27/1977,"19,500A  "
06/28/1977,"23,600A  "
06/29/1977,"23,400A  "
06/30/1977,"21,500A  "
07/01/1977,"19,300A  "
07/02/1977,"25,700A  "
07/03/1977,"20,500A  "
07/04/1977,"12,800A  "
07/05/1977,"14,300A  "
07/06/1977,"19,000A  "
07/07/1977,"20,600A  "
07/08/1977,"38,400A  "
07/09/1977,"32,200A  "
07/10/1977,"28,000A  "
07/11/1977,"25,500A  "
07/12/1977,"19,900A  "
07/13/1977,"26,800A  "
07/14/1977,"45,000A  "
07/15/1977,"51,000A  "
07/16/1977,"40,600A  "
07/17/1977,"32,500A  "
07/18/1977,"23,400A  "
07/19/1977,"25,000A  "
07/20/1977,"28,700A  "
07/21/1977,"60,000A  "
07/22/1977,"67,300A  "
07/23/1977,"64,000A  "
07/24/1977,"66,000A  "
07/25/1977,"59,500A  "
07/26/1977,"74,900A  "
07/27/1977,"58,000A  "
07/28/1977,"46,900A  "
07/29/1977,"34,800A  "
07/30/1977,"27,800A  "
07/31/1977,"16,700A  "
08/01/1977,"25,500A  "
08/02/1977,"27,500A  "
08/03/1977,"22,200A  "
08/04/1977,"22,700A  "
08/05/1977,"23,000A  "
08/06/1977,"15,200A  "
08/07/1977,"32,500A  "
08/08/1977,"51,000A  "
08/09/1977,"56,400A  "
08/10/1977,"52,400A  "
08/11/1977,"48,200A  "
08/12/1977,"47,300A  "
08/13/1977,"46,400A  "
08/14/1977,"52,600A  "
08/15/1977,"66,400A  "
08/16/1977,"63,500A  "
08/17/1977,"56,700A  "
08/18/1977,"66,800A  "
08/19/1977,"54,400A  "
08/20/1977,"37,600A  "
08/21/1977,"31,100A  "
08/22/1977,"28,200A  "
08/23/1977,"27,000A  "
08/24/1977,"33,700A  "
08/25/1977,"30,600A  "
08/26/1977,"25,000A  "
08/27/1977,"23,000A  "
08/28/1977,"19,900A  "
08/29/1977,"18,800A  "
08/30/1977,"18,900A  "
08/31/1977,"18,600A  "
09/01/1977,"15,700A  "
09/02/1977,"16,000A  "
09/03/1977,"28,900A  "
09/04/1977,"18,700A  "
09/05/1977,"12,400A  "
09/06/1977,"14,800A  "
09/07/1977,"10,900A  "
09/08/1977,"11,300A  "
09/09/1977,"13,300A  "
09/10/1977,"12,400A  "
09/11/1977,"10,100A  "
09/12/1977,"8,850A  "
09/13/1977,"10,200A  "
09/14/1977,"34,600A  "
09/15/1977,"40,700A  "
09/16/1977,"34,100A  "
09/17/1977,"32,800A  "
09/18/1977,"41,900A  "
09/19/1977,"48,900A  "
09/20/1977,"53,700A  "
09/21/1977,"61,700A  "
09/22/1977,"59,000A  "
09/23/1977,"53,100A  "
09/24/1977,"42,100A  "
09/25/1977,"43,600A  "
09/26/1977,"55,600A  "
09/27/1977,"59,900A  "
09/28/1977,"60,000A  "
09/29/1977,"58,700A  "
09/30/1977,"50,200A  "
10/01/1977,"53,900A  "
10/02/1977,"69,500A  "
10/03/1977,"81,800A  "
10/04/1977,"70,200A  "
10/05/1977,"63,000A  "
10/06/1977,"63,000A  "
10/07/1977,"60,400A  "
10/08/1977,"55,200A  "
10/09/1977,"55,200A  "
10/10/1977,"79,400A  "
10/11/1977,"96,300A  "
10/12/1977,"95,900A  "
10/13/1977,"78,700A  "
10/14/1977,"70,400A  "
10/15/1977,"57,900A  "
10/16/1977,"50,700A  "
10/17/1977,"40,900A  "
10/18/1977,"39,400A  "
10/19/1977,"46,400A  "
10/20/1977,"36,100A  "
10/21/1977,"37,400A  "
10/22/1977,"26,400A  "
10/23/1977,"22,500A  "
10/24/1977,"28,400A  "
10/25/1977,"26,300A  "
10/26/1977,"25,400A  "
10/27/1977,"26,500A  "
10/28/1977,"25,200A  "
10/29/1977,"17,600A  "
10/30/1977,"19,400A  "
10/31/1977,"23,800A  "
11/01/1977,"21,500A  "
11/02/1977,"17,200A  "
11/03/1977,"17,600A  "
11/04/1977,"19,600A  "
11/05/1977,"19,800A  "
11/06/1977,"24,000A  "
11/07/1977,"24,000A  "
11/08/1977,"33,700A  "
11/09/1977,"55,400A  "
11/10/1977,"57,800A  "
11/11/1977,"54,300A  "
11/12/1977,"52,600A  "
11/13/1977,"60,400A  "
11/14/1977,"47,200A  "
11/15/1977,"44,500A  "
11/16/1977,"45,900A  "
11/17/1977,"46,700A  "
11/18/1977,"72,500A  "
11/19/1977,"82,300A  "
11/20/1977,"76,600A  "
11/21/1977,"61,900A  "
11/22/1977,"61,100A  "
11/23/1977,"65,700A  "
11/24/1977,"69,400A  "
11/25/1977,"62,900A  "
11/26/1977,"61,800A  "
11/27/1977,"63,000A  "
11/28/1977,"56,200A  "
11/29/1977,"58,400A  "
11/30/1977,"66,900A  "
12/01/1977,"87,800A  "
12/02/1977,"122,000A  "
12/03/1977,"138,000A  "
12/04/1977,"119,000A  "
12/05/1977,"126,000A  "
12/06/1977,"192,000A  "
12/07/1977,"146,000A  "
12/08/1977,"110,000A  "
12/09/1977,"98,600A  "
12/10/1977,"86,000A  "
12/11/1977,"84,900A  "
12/12/1977,"65,400A  "
12/13/1977,"55,200A  "
12/14/1977,"76,800A  "
12/15/1977,"125,000A  "
12/16/1977,"180,000A  "
12/17/1977,"190,000A  "
12/18/1977,"170,000A  "
12/19/1977,"153,000A  "
12/20/1977,"148,000A  "
12/21/1977,"152,000A  "
12/22/1977,"147,000A  "
12/23/1977,"130,000A  "
12/24/1977,"119,000A  "
12/25/1977,"114,000A  "
12/26/1977,"116,000A  "
12/27/1977,"118,000A  "
12/28/1977,"103,000A  "
12/29/1977,"86,300A  "
12/30/1977,"81,200A  "
12/31/1977,"74,000A  "
01/01/1978,"68,700A  "
01/02/1978,"60,600A  "
01/03/1978,"57,700A  "
01/04/1978,"55,000A  "
01/05/1978,"46,100A  "
01/06/1978,"47,800A  "
01/07/1978,"47,400A  "
01/08/1978,"61,900A  "
01/09/1978,"146,000A  "
01/10/1978,"191,000A  "
01/11/1978,"152,000A  "
01/12/1978,"95,500A  "
01/13/1978,"87,300A  "
01/14/1978,"86,600A  "
01/15/1978,"80,000A  "
01/16/1978,"66,000A  "
01/17/1978,"50,800A  "
01/18/1978,"55,800A  "
01/19/1978,"61,200A  "
01/20/1978,"65,800A  "
01/21/1978,"52,500A  "
01/22/1978,"44,600A  "
01/23/1978,"36,100A  "
01/24/1978,"36,400A  "
01/25/1978,"71,400A  "
01/26/1978,"292,000A  "
01/27/1978,"390,000A  "
01/28/1978,"221,000A  "
01/29/1978,"125,000A  "
01/30/1978,"100,000A  "
01/31/1978,"83,000A  "
02/01/1978,"69,400A  "
02/02/1978,"78,400A  "
02/03/1978,"72,400A  "
02/04/1978,"64,900A  "
02/05/1978,"57,600A  "
02/06/1978,"46,200A  "
02/07/1978,"44,300A  "
02/08/1978,"44,900A  "
02/09/1978,"43,100A  "
02/10/1978,"40,100A  "
02/11/1978,"34,900A  "
02/12/1978,"36,000A  "
02/13/1978,"33,000A  "
02/14/1978,"31,000A  "
02/15/1978,"31,000A  "
02/16/1978,"28,900A  "
02/17/1978,"28,000A  "
02/18/1978,"30,900A  "
02/19/1978,"32,300A  "
02/20/1978,"22,800A  "
02/21/1978,"20,500A  "
02/22/1978,"27,800A  "
02/23/1978,"22,400A  "
02/24/1978,"22,700A  "
02/25/1978,"30,700A  "
02/26/1978,"26,000A  "
02/27/1978,"22,000A  "
02/28/1978,"21,400A  "
03/01/1978,"22,200A  "
03/02/1978,"26,900A  "
03/03/1978,"22,400A  "
03/04/1978,"21,900A  "
03/05/1978,"19,000A  "
03/06/1978,"16,900A  "
03/07/1978,"21,800A  "
03/08/1978,"15,600A  "
03/09/1978,"26,500A  "
03/10/1978,"23,300A  "
03/11/1978,"50,000A  "
03/12/1978,"105,000A  "
03/13/1978,"127,000A  "
03/14/1978,"235,000A  "
03/15/1978,"288,000A  "
03/16/1978,"295,000A  "
03/17/1978,"233,000A  "
03/18/1978,"197,000A  "
03/19/1978,"106,000A  "
03/20/1978,"121,000A  "
03/21/1978,"129,000A  "
03/22/1978,"129,000A  "
03/23/1978,"174,000A  "
03/24/1978,"157,000A  "
03/25/1978,"184,000A  "
03/26/1978,"246,000A  "
03/27/1978,"259,000A  "
03/28/1978,"212,000A  "
03/29/1978,"155,000A  "
03/30/1978,"83,100A  "
03/31/1978,"100,000A  "
04/01/1978,"97,700A  "
04/02/1978,"110,000A  "
04/03/1978,"115,000A  "
04/04/1978,"126,000A  "
04/05/1978,"130,000A  "
04/06/1978,"98,900A  "
04/07/1978,"164,000A  "
04/08/1978,"137,000A  "
04/09/1978,"84,600A  "
04/10/1978,"113,000A  "
04/11/1978,"124,000A  "
04/12/1978,"110,000A  "
04/13/1978,"92,200A  "
04/14/1978,"80,400A  "
04/15/1978,"72,500A  "
04/16/1978,"64,000A  "
04/17/1978,"58,000A  "
04/18/1978,"52,000A  "
04/19/1978,"48,000A  "
04/20/1978,"72,000A  "
04/21/1978,"100,000A  "
04/22/1978,"98,000A  "
04/23/1978,"83,000A  "
04/24/1978,"69,000A  "
04/25/1978,"59,000A  "
04/26/1978,"110,000A  "
04/27/1978,"101,000A  "
04/28/1978,"82,800A  "
04/29/1978,"73,500A  "
04/30/1978,"58,400A  "
05/01/1978,"44,100A  "
05/02/1978,"50,900A  "
05/03/1978,"40,100A  "
05/04/1978,"37,900A  "
05/05/1978,"50,600A  "
05/06/1978,"72,200A  "
05/07/1978,"61,800A  "
05/08/1978,"62,000A  "
05/09/1978,"87,700A  "
05/10/1978,"127,000A  "
05/11/1978,"115,000A  "
05/12/1978,"96,700A  "
05/13/1978,"88,300A  "
05/14/1978,"97,000A  "
05/15/1978,"140,000A  "
05/16/1978,"130,000A  "
05/17/1978,"160,000A  "
05/18/1978,"280,000A  "
05/19/1978,"220,000A  "
05/20/1978,"190,000A  "
05/21/1978,"160,000A  "
05/22/1978,"121,000A  "
05/23/1978,"149,000A  "
05/24/1978,"146,000A  "
05/25/1978,"147,000A  "
05/26/1978,"122,000A  "
05/27/1978,"156,000A  "
05/28/1978,"112,000A  "
05/29/1978,"87,600A  "
05/30/1978,"63,500A  "
05/31/1978,"73,700A  "
06/01/1978,"64,600A  "
06/02/1978,"46,800A  "
06/03/1978,"43,800A  "
06/04/1978,"37,800A  "
06/05/1978,"46,900A  "
06/06/1978,"40,900A  "
06/07/1978,"36,000A  "
06/08/1978,"70,300A  "
06/09/1978,"123,000A  "
06/10/1978,"87,100A  "
06/11/1978,"69,500A  "
06/12/1978,"54,600A  "
06/13/1978,"52,000A  "
06/14/1978,"49,000A  "
06/15/1978,"45,200A  "
06/16/1978,"33,100A  "
06/17/1978,"39,000A  "
06/18/1978,"54,700A  "
06/19/1978,"29,800A  "
06/20/1978,"45,200A  "
06/21/1978,"43,200A  "
06/22/1978,"39,100A  "
06/23/1978,"31,000A  "
06/24/1978,"31,600A  "
06/25/1978,"22,500A  "
06/26/1978,"22,200A  "
06/27/1978,"46,200A  "
06/28/1978,"65,600A  "
06/29/1978,"70,800A  "
06/30/1978,"58,600A  "
07/01/1978,"40,200A  "
07/02/1978,"29,800A  "
07/03/1978,"61,800A  "
07/04/1978,"92,000A  "
07/05/1978,"81,600A  "
07/06/1978,"64,800A  "
07/07/1978,"54,500A  "
07/08/1978,"46,500A  "
07/09/1978,"41,000A  "
07/10/1978,"31,100A  "
07/11/1978,"39,800A  "
07/12/1978,"52,700A  "
07/13/1978,"24,000A  "
07/14/1978,"34,500A  "
07/15/1978,"52,500A  "
07/16/1978,"35,000A  "
07/17/1978,"44,300A  "
07/18/1978,"34,500A  "
07/19/1978,"20,100A  "
07/20/1978,"24,700A  "
07/21/1978,"15,000A  "
07/22/1978,"17,000A  "
07/23/1978,"14,100A  "
07/24/1978,"23,700A  "
07/25/1978,"19,000A  "
07/26/1978,"22,700A  "
07/27/1978,"14,300A  "
07/28/1978,"16,900A  "
07/29/1978,"16,800A  "
07/30/1978,"20,000A  "
07/31/1978,"28,100A  "
08/01/1978,"42,700A  "
08/02/1978,"33,300A  "
08/03/1978,"24,000A  "
08/04/1978,"31,500A  "
08/05/1978,"22,400A  "
08/06/1978,"21,800A  "
08/07/1978,"39,400A  "
08/08/1978,"66,300A  "
08/09/1978,"37,300A  "
08/10/1978,"48,300A  "
08/11/1978,"60,800A  "
08/12/1978,"47,000A  "
08/13/1978,"34,400A  "
08/14/1978,"40,200A  "
08/15/1978,"26,500A  "
08/16/1978,"22,600A  "
08/17/1978,"25,400A  "
08/18/1978,"14,700A  "
08/19/1978,"14,300A  "
08/20/1978,"18,800A  "
08/21/1978,"13,300A  "
08/22/1978,"10,400A  "
08/23/1978,"8,320A  "
08/24/1978,"8,810A  "
08/25/1978,"9,030A  "
08/26/1978,"9,830A  "
08/27/1978,"11,300A  "
08/28/1978,"13,800A  "
08/29/1978,"13,900A  "
08/30/1978,"17,400A  "
08/31/1978,"26,500A  "
09/01/1978,"35,200A  "
09/02/1978,"38,100A  "
09/03/1978,"21,000A  "
09/04/1978,"26,500A  "
09/05/1978,"22,800A  "
09/06/1978,"12,700A  "
09/07/1978,"14,900A  "
09/08/1978,"14,800A  "
09/09/1978,"14,800A  "
09/10/1978,"9,340A  "
09/11/1978,"5,670A  "
09/12/1978,"11,900A  "
09/13/1978,"22,500A  "
09/14/1978,"8,420A  "
09/15/1978,"16,400A  "
09/16/1978,"13,100A  "
09/17/1978,"18,500A  "
09/18/1978,"17,300A  "
09/19/1978,"15,200A  "
09/20/1978,"22,900A  "
09/21/1978,"17,700A  "
09/22/1978,"19,500A  "
09/23/1978,"11,300A  "
09/24/1978,"14,500A  "
09/25/1978,"7,740A  "
09/26/1978,"12,100A  "
09/27/1978,"14,700A  "
09/28/1978,"8,820A  "
09/29/1978,"8,870A  "
09/30/1978,"8,850A  "
10/01/1978,"9,200A  "
10/02/1978,"10,700A  "
10/03/1978,"8,700A  "
10/04/1978,"16,100A  "
10/05/1978,"15,400A  "
10/06/1978,"9,200A  "
10/07/1978,"13,900A  "
10/08/1978,"14,100A  "
10/09/1978,"9,000A  "
10/10/1978,"12,100A  "
10/11/1978,"17,300A  "
10/12/1978,"11,800A  "
10/13/1978,"14,300A  "
10/14/1978,"37,300A  "
10/15/1978,"42,800A  "
10/16/1978,"47,200A  "
10/17/1978,"37,300A  "
10/18/1978,"32,600A  "
10/19/1978,"30,700A  "
10/20/1978,"20,300A  "
10/21/1978,"22,600A  "
10/22/1978,"22,500A  "
10/23/1978,"19,200A  "
10/24/1978,"15,700A  "
10/25/1978,"15,100A  "
10/26/1978,"18,300A  "
10/27/1978,"37,700A  "
10/28/1978,"39,400A  "
10/29/1978,"27,400A  "
10/30/1978,"25,100A  "
10/31/1978,"22,600A  "
11/01/1978,"24,100A  "
11/02/1978,"22,300A  "
11/03/1978,"15,800A  "
11/04/1978,"17,100A  "
11/05/1978,"15,000A  "
11/06/1978,"15,900A  "
11/07/1978,"16,800A  "
11/08/1978,"15,400A  "
11/09/1978,"15,100A  "
11/10/1978,"15,200A  "
11/11/1978,"15,400A  "
11/12/1978,"15,200A  "
11/13/1978,"14,500A  "
11/14/1978,"16,500A  "
11/15/1978,"12,700A  "
11/16/1978,"17,200A  "
11/17/1978,"28,400A  "
11/18/1978,"41,600A  "
11/19/1978,"32,100A  "
11/20/1978,"26,400A  "
11/21/1978,"23,400A  "
11/22/1978,"20,800A  "
11/23/1978,"24,100A  "
11/24/1978,"18,300A  "
11/25/1978,"22,000A  "
11/26/1978,"25,500A  "
11/27/1978,"27,200A  "
11/28/1978,"57,800A  "
11/29/1978,"65,100A  "
11/30/1978,"53,500A  "
12/01/1978,"41,500A  "
12/02/1978,"32,300A  "
12/03/1978,"41,600A  "
12/04/1978,"164,000A  "
12/05/1978,"200,000A  "
12/06/1978,"147,000A  "
12/07/1978,"104,000A  "
12/08/1978,"128,000A  "
12/09/1978,"330,000A  "
12/10/1978,"300,000A  "
12/11/1978,"317,000A  "
12/12/1978,"190,000A  "
12/13/1978,"130,000A  "
12/14/1978,"100,000A  "
12/15/1978,"85,000A  "
12/16/1978,"75,000A  "
12/17/1978,"68,000A  "
12/18/1978,"60,000A  "
12/19/1978,"56,000A  "
12/20/1978,"58,000A  "
12/21/1978,"130,000A  "
12/22/1978,"160,000A  "
12/23/1978,"130,000A  "
12/24/1978,"95,000A  "
12/25/1978,"90,000A  "
12/26/1978,"120,000A  "
12/27/1978,"120,000A  "
12/28/1978,"77,400A  "
12/29/1978,"69,200A  "
12/30/1978,"66,600A  "
12/31/1978,"75,000A  "
01/01/1979,"103,000A  "
01/02/1979,"154,000A  "
01/03/1979,"260,000A  "
01/04/1979,"196,000A  "
01/05/1979,"146,000A  "
01/06/1979,"133,000A  "
01/07/1979,"120,000A  "
01/08/1979,"122,000A  "
01/09/1979,"127,000A  "
01/10/1979,"113,000A  "
01/11/1979,"103,000A  "
01/12/1979,"92,000A  "
01/13/1979,"82,800A  "
01/14/1979,"97,300A  "
01/15/1979,"121,000A  "
01/16/1979,"102,000A  "
01/17/1979,"88,000A  "
01/18/1979,"90,400A  "
01/19/1979,"85,200A  "
01/20/1979,"76,600A  "
01/21/1979,"96,700A  "
01/22/1979,"156,000A  "
01/23/1979,"116,000A  "
01/24/1979,"104,000A  "
01/25/1979,"156,000A  "
01/26/1979,"132,000A  "
01/27/1979,"123,000A  "
01/28/1979,"110,000A  "
01/29/1979,"101,000A  "
01/30/1979,"88,500A  "
01/31/1979,"81,200A  "
02/01/1979,"64,600A  "
02/02/1979,"58,200A  "
02/03/1979,"43,900A  "
02/04/1979,"47,400A  "
02/05/1979,"40,200A  "
02/06/1979,"40,200A  "
02/07/1979,"33,500A  "
02/08/1979,"34,300A  "
02/09/1979,"40,500A  "
02/10/1979,"30,600A  "
02/11/1979,"26,900A  "
02/12/1979,"27,800A  "
02/13/1979,"25,200A  "
02/14/1979,"21,900A  "
02/15/1979,"26,800A  "
02/16/1979,"45,000A  "
02/17/1979,"56,400A  "
02/18/1979,"62,400A  "
02/19/1979,"48,500A  "
02/20/1979,"39,600A  "
02/21/1979,"44,700A  "
02/22/1979,"74,400A  "
02/23/1979,"148,000A  "
02/24/1979,"204,000A  "
02/25/1979,"250,000A  "
02/26/1979,"300,000A  "
02/27/1979,"330,000A  "
02/28/1979,"230,000A  "
03/01/1979,"200,000A  "
03/02/1979,"154,000A  "
03/03/1979,"166,000A  "
03/04/1979,"171,000A  "
03/05/1979,"178,000A  "
03/06/1979,"247,000A  "
03/07/1979,"269,000A  "
03/08/1979,"314,000A  "
03/09/1979,"182,000A  "
03/10/1979,"150,000A  "
03/11/1979,"142,000A  "
03/12/1979,"143,000A  "
03/13/1979,"130,000A  "
03/14/1979,"113,000A  "
03/15/1979,"118,000A  "
03/16/1979,"126,000A  "
03/17/1979,"110,000A  "
03/18/1979,"100,000A  "
03/19/1979,"91,800A  "
03/20/1979,"73,200A  "
03/21/1979,"78,800A  "
03/22/1979,"71,400A  "
03/23/1979,"63,200A  "
03/24/1979,"62,800A  "
03/25/1979,"74,600A  "
03/26/1979,"85,500A  "
03/27/1979,"87,800A  "
03/28/1979,"78,400A  "
03/29/1979,"76,200A  "
03/30/1979,"72,400A  "
03/31/1979,"72,000A  "
04/01/1979,"82,000A  "
04/02/1979,"89,600A  "
04/03/1979,"136,000A  "
04/04/1979,"134,000A  "
04/05/1979,"138,000A  "
04/06/1979,"120,000A  "
04/07/1979,"103,000A  "
04/08/1979,"93,800A  "
04/09/1979,"98,500A  "
04/10/1979,"130,000A  "
04/11/1979,"170,000A  "
04/12/1979,"169,000A  "
04/13/1979,"132,000A  "
04/14/1979,"110,000A  "
04/15/1979,"100,000A  "
04/16/1979,"90,000A  "
04/17/1979,"92,000A  "
04/18/1979,"84,000A  "
04/19/1979,"76,000A  "
04/20/1979,"72,000A  "
04/21/1979,"64,000A  "
04/22/1979,"52,000A  "
04/23/1979,"48,800A  "
04/24/1979,"45,200A  "
04/25/1979,"51,800A  "
04/26/1979,"44,200A  "
04/27/1979,"57,300A  "
04/28/1979,"62,000A  "
04/29/1979,"61,900A  "
04/30/1979,"54,000A  "
05/01/1979,"51,000A  "
05/02/1979,"48,300A  "
05/03/1979,"42,000A  "
05/04/1979,"63,700A  "
05/05/1979,"90,400A  "
05/06/1979,"78,000A  "
05/07/1979,"58,300A  "
05/08/1979,"51,200A  "
05/09/1979,"41,800A  "
05/10/1979,"36,800A  "
05/11/1979,"42,300A  "
05/12/1979,"35,100A  "
05/13/1979,"64,000A  "
05/14/1979,"73,000A  "
05/15/1979,"63,000A  "
05/16/1979,"59,400A  "
05/17/1979,"49,000A  "
05/18/1979,"42,800A  "
05/19/1979,"40,300A  "
05/20/1979,"38,200A  "
05/21/1979,"34,600A  "
05/22/1979,"34,300A  "
05/23/1979,"28,400A  "
05/24/1979,"58,000A  "
05/25/1979,"97,200A  "
05/26/1979,"118,000A  "
05/27/1979,"144,000A  "
05/28/1979,"155,000A  "
05/29/1979,"129,000A  "
05/30/1979,"103,000A  "
05/31/1979,"81,500A  "
06/01/1979,"71,900A  "
06/02/1979,"63,700A  "
06/03/1979,"55,900A  "
06/04/1979,"48,000A  "
06/05/1979,"40,600A  "
06/06/1979,"44,000A  "
06/07/1979,"34,700A  "
06/08/1979,"44,100A  "
06/09/1979,"42,300A  "
06/10/1979,"39,900A  "
06/11/1979,"41,200A  "
06/12/1979,"36,500A  "
06/13/1979,"36,700A  "
06/14/1979,"30,800A  "
06/15/1979,"21,800A  "
06/16/1979,"24,400A  "
06/17/1979,"19,400A  "
06/18/1979,"17,000A  "
06/19/1979,"12,000A  "
06/20/1979,"19,600A  "
06/21/1979,"23,100A  "
06/22/1979,"33,100A  "
06/23/1979,"29,700A  "
06/24/1979,"21,300A  "
06/25/1979,"16,100A  "
06/26/1979,"17,800A  "
06/27/1979,"21,100A  "
06/28/1979,"16,000A  "
06/29/1979,"15,000A  "
06/30/1979,"19,300A  "
07/01/1979,"22,100A  "
07/02/1979,"23,000A  "
07/03/1979,"20,000A  "
07/04/1979,"25,000A  "
07/05/1979,"33,000A  "
07/06/1979,"27,000A  "
07/07/1979,"22,000A  "
07/08/1979,"15,000A  "
07/09/1979,"19,000A  "
07/10/1979,"13,000A  "
07/11/1979,"15,000A  "
07/12/1979,"20,000A  "
07/13/1979,"18,000A  "
07/14/1979,"20,000A  "
07/15/1979,"15,000A  "
07/16/1979,"21,000A  "
07/17/1979,"22,000A  "
07/18/1979,"14,000A  "
07/19/1979,"19,200A  "
07/20/1979,"14,900A  "
07/21/1979,"14,000A  "
07/22/1979,"14,000A  "
07/23/1979,"19,000A  "
07/24/1979,"15,000A  "
07/25/1979,"18,000A  "
07/26/1979,"22,000A  "
07/27/1979,"23,000A  "
07/28/1979,"32,000A  "
07/29/1979,"40,000A  "
07/30/1979,"40,000A  "
07/31/1979,"36,000A  "
08/01/1979,"33,000A  "
08/02/1979,"33,000A  "
08/03/1979,"31,900A  "
08/04/1979,"33,800A  "
08/05/1979,"28,800A  "
08/06/1979,"25,400A  "
08/07/1979,"23,200A  "
08/08/1979,"23,200A  "
08/09/1979,"21,700A  "
08/10/1979,"18,100A  "
08/11/1979,"36,800A  "
08/12/1979,"50,000A  "
08/13/1979,"62,700A  "
08/14/1979,"49,000A  "
08/15/1979,"47,000A  "
08/16/1979,"27,700A  "
08/17/1979,"23,000A  "
08/18/1979,"20,000A  "
08/19/1979,"25,000A  "
08/20/1979,"35,000A  "
08/21/1979,"75,000A  "
08/22/1979,"70,000A  "
08/23/1979,"54,000A  "
08/24/1979,"48,500A  "
08/25/1979,"60,000A  "
08/26/1979,"60,000A  "
08/27/1979,"74,000A  "
08/28/1979,"90,000A  "
08/29/1979,"80,000A  "
08/30/1979,"70,000A  "
08/31/1979,"56,000A  "
09/01/1979,"42,000A  "
09/02/1979,"37,000A  "
09/03/1979,"32,000A  "
09/04/1979,"27,000A  "
09/05/1979,"31,000A  "
09/06/1979,"30,000A  "
09/07/1979,"31,000A  "
09/08/1979,"49,000A  "
09/09/1979,"40,000A  "
09/10/1979,"30,000A  "
09/11/1979,"26,000A  "
09/12/1979,"25,000A  "
09/13/1979,"22,000A  "
09/14/1979,"23,000A  "
09/15/1979,"41,000A  "
09/16/1979,"70,000A  "
09/17/1979,"82,000A  "
09/18/1979,"65,000A  "
09/19/1979,"56,000A  "
09/20/1979,"55,000A  "
09/21/1979,"52,000A  "
09/22/1979,"90,000A  "
09/23/1979,"98,000A  "
09/24/1979,"80,000A  "
09/25/1979,"66,000A  "
09/26/1979,"60,000A  "
09/27/1979,"55,000A  "
09/28/1979,"52,000A  "
09/29/1979,"86,000A  "
09/30/1979,"110,000A  "
10/01/1979,"67,000A  "
10/02/1979,"68,000A  "
10/03/1979,"94,300A  "
10/04/1979,"88,900A  "
10/05/1979,"71,800A  "
10/06/1979,"76,300A  "
10/07/1979,"95,700A  "
10/08/1979,"93,000A  "
10/09/1979,"94,400A  "
10/10/1979,"123,000A  "
10/11/1979,"145,000A  "
10/12/1979,"120,000A  "
10/13/1979,"105,000A  "
10/14/1979,"100,000A  "
10/15/1979,"98,000A  "
10/16/1979,"91,600A  "
10/17/1979,"82,500A  "
10/18/1979,"75,000A  "
10/19/1979,"66,700A  "
10/20/1979,"57,700A  "
10/21/1979,"54,500A  "
10/22/1979,"51,000A  "
10/23/1979,"39,600A  "
10/24/1979,"31,600A  "
10/25/1979,"30,500A  "
10/26/1979,"34,200A  "
10/27/1979,"27,000A  "
10/28/1979,"22,000A  "
10/29/1979,"26,000A  "
10/30/1979,"23,000A  "
10/31/1979,"28,000A  "
11/01/1979,"32,500A  "
11/02/1979,"48,800A  "
11/03/1979,"59,700A  "
11/04/1979,"49,800A  "
11/05/1979,"49,800A  "
11/06/1979,"49,500A  "
11/07/1979,"49,300A  "
11/08/1979,"40,900A  "
11/09/1979,"34,400A  "
11/10/1979,"55,200A  "
11/11/1979,"66,000A  "
11/12/1979,"64,000A  "
11/13/1979,"62,000A  "
11/14/1979,"58,000A  "
11/15/1979,"46,000A  "
11/16/1979,"48,500A  "
11/17/1979,"42,000A  "
11/18/1979,"40,500A  "
11/19/1979,"45,000A  "
11/20/1979,"37,000A  "
11/21/1979,"36,700A  "
11/22/1979,"32,600A  "
11/23/1979,"34,100A  "
11/24/1979,"37,800A  "
11/25/1979,"57,000A  "
11/26/1979,"86,400A  "
11/27/1979,"140,000A  "
11/28/1979,"124,000A  "
11/29/1979,"95,000A  "
11/30/1979,"87,900A  "
12/01/1979,"81,800A  "
12/02/1979,"67,500A  "
12/03/1979,"57,600A  "
12/04/1979,"50,500A  "
12/05/1979,"49,000A  "
12/06/1979,"52,700A  "
12/07/1979,"44,200A  "
12/08/1979,"43,400A  "
12/09/1979,"44,900A  "
12/10/1979,"42,700A  "
12/11/1979,"43,000A  "
12/12/1979,"43,000A  "
12/13/1979,"69,000A  "
12/14/1979,"109,000A  "
12/15/1979,"93,300A  "
12/16/1979,"73,600A  "
12/17/1979,"55,300A  "
12/18/1979,"51,400A  "
12/19/1979,"52,200A  "
12/20/1979,"49,500A  "
12/21/1979,"40,100A  "
12/22/1979,"44,500A  "
12/23/1979,"39,500A  "
12/24/1979,"39,300A  "
12/25/1979,"71,100A  "
12/26/1979,"131,000A  "
12/27/1979,"163,000A  "
12/28/1979,"117,000A  "
12/29/1979,"99,500A  "
12/30/1979,"89,900A  "
12/31/1979,"80,500A  "
01/01/1980,"63,900A  "
01/02/1980,"62,000A  "
01/03/1980,"56,200A  "
01/04/1980,"55,800A  "
01/05/1980,"47,300A  "
01/06/1980,"47,100A  "
01/07/1980,"42,200A  "
01/08/1980,"41,700A  "
01/09/1980,"40,000A  "
01/10/1980,"39,000A  "
01/11/1980,"44,000A  "
01/12/1980,"118,000A  "
01/13/1980,"109,000A  "
01/14/1980,"104,000A  "
01/15/1980,"88,300A  "
01/16/1980,"85,600A  "
01/17/1980,"82,400A  "
01/18/1980,"80,000A  "
01/19/1980,"78,800A  "
01/20/1980,"70,400A  "
01/21/1980,"63,700A  "
01/22/1980,"53,800A  "
01/23/1980,"54,800A  "
01/24/1980,"47,700A  "
01/25/1980,"44,800A  "
01/26/1980,"34,000A  "
01/27/1980,"50,000A  "
01/28/1980,"35,000A  "
01/29/1980,"32,000A  "
01/30/1980,"35,000A  "
01/31/1980,"27,000A  "
02/01/1980,"23,000A  "
02/02/1980,"21,000A  "
02/03/1980,"18,000A  "
02/04/1980,"17,700A  "
02/05/1980,"17,600A  "
02/06/1980,"23,000A  "
02/07/1980,"23,100A  "
02/08/1980,"20,600A  "
02/09/1980,"19,500A  "
02/10/1980,"19,300A  "
02/11/1980,"17,500A  "
02/12/1980,"15,200A  "
02/13/1980,"14,700A  "
02/14/1980,"12,500A  "
02/15/1980,"16,000A  "
02/16/1980,"18,000A  "
02/17/1980,"21,000A  "
02/18/1980,"23,200A  "
02/19/1980,"19,000A  "
02/20/1980,"24,000A  "
02/21/1980,"38,700A  "
02/22/1980,"60,000A  "
02/23/1980,"101,000A  "
02/24/1980,"109,000A  "
02/25/1980,"96,500A  "
02/26/1980,"83,700A  "
02/27/1980,"67,200A  "
02/28/1980,"58,300A  "
02/29/1980,"45,400A  "
03/01/1980,"37,500A  "
03/02/1980,"26,400A  "
03/03/1980,"20,500A  "
03/04/1980,"24,900A  "
03/05/1980,"71,300A  "
03/06/1980,"117,000A  "
03/07/1980,"104,000A  "
03/08/1980,"101,000A  "
03/09/1980,"149,000A  "
03/10/1980,"147,000A  "
03/11/1980,"122,000A  "
03/12/1980,"111,000A  "
03/13/1980,"112,000A  "
03/14/1980,"126,000A  "
03/15/1980,"107,000A  "
03/16/1980,"91,300A  "
03/17/1980,"88,200A  "
03/18/1980,"164,000A  "
03/19/1980,"190,000A  "
03/20/1980,"157,000A  "
03/21/1980,"134,000A  "
03/22/1980,"164,000A  "
03/23/1980,"164,000A  "
03/24/1980,"135,000A  "
03/25/1980,"121,000A  "
03/26/1980,"111,000A  "
03/27/1980,"112,000A  "
03/28/1980,"111,000A  "
03/29/1980,"139,000A  "
03/30/1980,"144,000A  "
03/31/1980,"152,000A  "
04/01/1980,"190,000A  "
04/02/1980,"207,000A  "
04/03/1980,"174,000A  "
04/04/1980,"158,000A  "
04/05/1980,"157,000A  "
04/06/1980,"149,000A  "
04/07/1980,"133,000A  "
04/08/1980,"137,000A  "
04/09/1980,"160,000A  "
04/10/1980,"194,000A  "
04/11/1980,"185,000A  "
04/12/1980,"154,000A  "
04/13/1980,"138,000A  "
04/14/1980,"146,000A  "
04/15/1980,"208,000A  "
04/16/1980,"178,000A  "
04/17/1980,"162,000A  "
04/18/1980,"137,000A  "
04/19/1980,"131,000A  "
04/20/1980,"116,000A  "
04/21/1980,"99,400A  "
04/22/1980,"83,200A  "
04/23/1980,"71,500A  "
04/24/1980,"60,000A  "
04/25/1980,"54,800A  "
04/26/1980,"41,100A  "
04/27/1980,"42,300A  "
04/28/1980,"53,100A  "
04/29/1980,"58,000A  "
04/30/1980,"69,300A  "
05/01/1980,"66,600A  "
05/02/1980,"78,600A  "
05/03/1980,"68,900A  "
05/04/1980,"55,200A  "
05/05/1980,"47,500A  "
05/06/1980,"44,500A  "
05/07/1980,"27,000A  "
05/08/1980,"32,300A  "
05/09/1980,"32,400A  "
05/10/1980,"26,200A  "
05/11/1980,"24,800A  "
05/12/1980,"37,700A  "
05/13/1980,"79,300A  "
05/14/1980,"85,600A  "
05/15/1980,"81,000A  "
05/16/1980,"70,400A  "
05/17/1980,"57,400A  "
05/18/1980,"57,000A  "
05/19/1980,"60,700A  "
05/20/1980,"83,800A  "
05/21/1980,"100,000A  "
05/22/1980,"123,000A  "
05/23/1980,"101,000A  "
05/24/1980,"83,000A  "
05/25/1980,"88,500A  "
05/26/1980,"89,800A  "
05/27/1980,"69,300A  "
05/28/1980,"54,000A  "
05/29/1980,"46,700A  "
05/30/1980,"38,900A  "
05/31/1980,"37,500A  "
06/01/1980,"65,800A  "
06/02/1980,"66,800A  "
06/03/1980,"135,000A  "
06/04/1980,"138,000A  "
06/05/1980,"108,000A  "
06/06/1980,"96,400A  "
06/07/1980,"104,000A  "
06/08/1980,"117,000A  "
06/09/1980,"110,000A  "
06/10/1980,"111,000A  "
06/11/1980,"104,000A  "
06/12/1980,"97,300A  "
06/13/1980,"79,700A  "
06/14/1980,"61,600A  "
06/15/1980,"54,300A  "
06/16/1980,"72,700A  "
06/17/1980,"77,300A  "
06/18/1980,"67,800A  "
06/19/1980,"58,200A  "
06/20/1980,"43,500A  "
06/21/1980,"35,600A  "
06/22/1980,"30,100A  "
06/23/1980,"27,000A  "
06/24/1980,"26,000A  "
06/25/1980,"23,200A  "
06/26/1980,"17,000A  "
06/27/1980,"19,800A  "
06/28/1980,"20,800A  "
06/29/1980,"23,200A  "
06/30/1980,"26,000A  "
07/01/1980,"18,000A  "
07/02/1980,"22,900A  "
07/03/1980,"18,600A  "
07/04/1980,"16,500A  "
07/05/1980,"24,000A  "
07/06/1980,"26,000A  "
07/07/1980,"18,400A  "
07/08/1980,"37,500A  "
07/09/1980,"82,900A  "
07/10/1980,"84,400A  "
07/11/1980,"67,200A  "
07/12/1980,"54,900A  "
07/13/1980,"45,400A  "
07/14/1980,"41,300A  "
07/15/1980,"32,400A  "
07/16/1980,"19,600A  "
07/17/1980,"20,600A  "
07/18/1980,"39,300A  "
07/19/1980,"27,600A  "
07/20/1980,"23,100A  "
07/21/1980,"10,200A  "
07/22/1980,"67,100A  "
07/23/1980,"95,200A  "
07/24/1980,"81,000A  "
07/25/1980,"57,700A  "
07/26/1980,"39,100A  "
07/27/1980,"31,500A  "
07/28/1980,"64,900A  "
07/29/1980,"78,200A  "
07/30/1980,"72,400A  "
07/31/1980,"60,900A  "
08/01/1980,"51,900A  "
08/02/1980,"42,400A  "
08/03/1980,"72,700A  "
08/04/1980,"111,000A  "
08/05/1980,"107,000A  "
08/06/1980,"89,300A  "
08/07/1980,"68,100A  "
08/08/1980,"55,700A  "
08/09/1980,"58,300A  "
08/10/1980,"63,800A  "
08/11/1980,"110,000A  "
08/12/1980,"193,000A  "
08/13/1980,"166,000A  "
08/14/1980,"102,000A  "
08/15/1980,"94,900A  "
08/16/1980,"109,000A  "
08/17/1980,"87,500A  "
08/18/1980,"117,000A  "
08/19/1980,"180,000A  "
08/20/1980,"182,000A  "
08/21/1980,"120,000A  "
08/22/1980,"159,000A  "
08/23/1980,"126,000A  "
08/24/1980,"95,800A  "
08/25/1980,"75,900A  "
08/26/1980,"60,800A  "
08/27/1980,"55,200A  "
08/28/1980,"53,700A  "
08/29/1980,"49,200A  "
08/30/1980,"37,700A  "
08/31/1980,"44,400A  "
09/01/1980,"39,800A  "
09/02/1980,"32,100A  "
09/03/1980,"30,700A  "
09/04/1980,"36,900A  "
09/05/1980,"55,200A  "
09/06/1980,"47,900A  "
09/07/1980,"38,600A  "
09/08/1980,"30,800A  "
09/09/1980,"30,700A  "
09/10/1980,"35,300A  "
09/11/1980,"28,200A  "
09/12/1980,"21,500A  "
09/13/1980,"20,800A  "
09/14/1980,"23,500A  "
09/15/1980,"38,300A  "
09/16/1980,"23,700A  "
09/17/1980,"26,900A  "
09/18/1980,"22,900A  "
09/19/1980,"18,100A  "
09/20/1980,"16,000A  "
09/21/1980,"15,500A  "
09/22/1980,"18,600A  "
09/23/1980,"18,300A  "
09/24/1980,"21,500A  "
09/25/1980,"18,400A  "
09/26/1980,"13,700A  "
09/27/1980,"15,300A  "
09/28/1980,"15,900A  "
09/29/1980,"14,600A  "
09/30/1980,"11,600A  "
10/01/1980,"11,000A  "
10/02/1980,"15,300A  "
10/03/1980,"10,900A  "
10/04/1980,"14,100A  "
10/05/1980,"15,700A  "
10/06/1980,"11,800A  "
10/07/1980,"14,100A  "
10/08/1980,"17,400A  "
10/09/1980,"12,700A  "
10/10/1980,"12,900A  "
10/11/1980,"15,500A  "
10/12/1980,"12,700A  "
10/13/1980,"11,900A  "
10/14/1980,"12,000A  "
10/15/1980,"13,700A  "
10/16/1980,"14,500A  "
10/17/1980,"16,900A  "
10/18/1980,"16,800A  "
10/19/1980,"16,600A  "
10/20/1980,"16,200A  "
10/21/1980,"15,200A  "
10/22/1980,"15,500A  "
10/23/1980,"10,800A  "
10/24/1980,"12,400A  "
10/25/1980,"25,300A  "
10/26/1980,"40,700A  "
10/27/1980,"52,300A  "
10/28/1980,"52,100A  "
10/29/1980,"38,400A  "
10/30/1980,"37,600A  "
10/31/1980,"34,800A  "
11/01/1980,"34,100A  "
11/02/1980,"31,900A  "
11/03/1980,"27,500A  "
11/04/1980,"23,100A  "
11/05/1980,"27,400A  "
11/06/1980,"24,500A  "
11/07/1980,"20,900A  "
11/08/1980,"22,400A  "
11/09/1980,"22,600A  "
11/10/1980,"20,900A  "
11/11/1980,"27,900A  "
11/12/1980,"24,800A  "
11/13/1980,"23,700A  "
11/14/1980,"23,800A  "
11/15/1980,"21,400A  "
11/16/1980,"19,200A  "
11/17/1980,"33,700A  "
11/18/1980,"44,400A  "
11/19/1980,"49,300A  "
11/20/1980,"31,500A  "
11/21/1980,"35,700A  "
11/22/1980,"27,400A  "
11/23/1980,"26,200A  "
11/24/1980,"47,000A  "
11/25/1980,"68,800A  "
11/26/1980,"70,200A  "
11/27/1980,"69,700A  "
11/28/1980,"66,400A  "
11/29/1980,"64,700A  "
11/30/1980,"55,600A  "
12/01/1980,"52,000A  "
12/02/1980,"49,200A  "
12/03/1980,"51,500A  "
12/04/1980,"65,200A  "
12/05/1980,"66,900A  "
12/06/1980,"54,700A  "
12/07/1980,"47,500A  "
12/08/1980,"51,200A  "
12/09/1980,"62,300A  "
12/10/1980,"85,600A  "
12/11/1980,"93,200A  "
12/12/1980,"84,100A  "
12/13/1980,"66,100A  "
12/14/1980,"62,400A  "
12/15/1980,"54,300A  "
12/16/1980,"48,800A  "
12/17/1980,"42,400A  "
12/18/1980,"38,500A  "
12/19/1980,"37,300A  "
12/20/1980,"30,200A  "
12/21/1980,"26,900A  "
12/22/1980,"22,300A  "
12/23/1980,"18,400A  "
12/24/1980,"24,800A  "
12/25/1980,"26,900A  "
12/26/1980,"17,300A  "
12/27/1980,"17,600A  "
12/28/1980,"16,800A  "
12/29/1980,"19,600A  "
12/30/1980,"27,800A  "
12/31/1980,"20,100A  "
01/01/1981,"29,700A  "
01/02/1981,"25,600A  "
01/03/1981,"28,200A  "
01/04/1981,"31,700A  "
01/05/1981,"19,000A  "
01/06/1981,"18,000A  "
01/07/1981,"14,800A  "
01/08/1981,"22,400A  "
01/09/1981,"23,500A  "
01/10/1981,"20,000A  "
01/11/1981,"17,900A  "
01/12/1981,"21,200A  "
01/13/1981,"15,100A  "
01/14/1981,"17,200A  "
01/15/1981,"22,100A  "
01/16/1981,"24,700A  "
01/17/1981,"25,300A  "
01/18/1981,"22,400A  "
01/19/1981,"18,800A  "
01/20/1981,"17,300A  "
01/21/1981,"18,300A  "
01/22/1981,"19,300A  "
01/23/1981,"24,400A  "
01/24/1981,"33,800A  "
01/25/1981,"26,500A  "
01/26/1981,"23,000A  "
01/27/1981,"45,400A  "
01/28/1981,"61,100A  "
01/29/1981,"55,400A  "
01/30/1981,"45,800A  "
01/31/1981,"38,700A  "
02/01/1981,"39,100A  "
02/02/1981,"140,000A  "
02/03/1981,"146,000A  "
02/04/1981,"103,000A  "
02/05/1981,"67,800A  "
02/06/1981,"60,500A  "
02/07/1981,"56,100A  "
02/08/1981,"54,000A  "
02/09/1981,"47,800A  "
02/10/1981,"39,500A  "
02/11/1981,"63,200A  "
02/12/1981,"86,500A  "
02/13/1981,"82,600A  "
02/14/1981,"76,400A  "
02/15/1981,"75,800A  "
02/16/1981,"69,900A  "
02/17/1981,"99,100A  "
02/18/1981,"132,000A  "
02/19/1981,"155,000A  "
02/20/1981,"216,000A  "
02/21/1981,"305,000A  "
02/22/1981,"286,000A  "
02/23/1981,"297,000A  "
02/24/1981,"282,000A  "
02/25/1981,"289,000A  "
02/26/1981,"204,000A  "
02/27/1981,"180,000A  "
02/28/1981,"170,000A  "
03/01/1981,"171,000A  "
03/02/1981,"162,000A  "
03/03/1981,"145,000A  "
03/04/1981,"125,000A  "
03/05/1981,"126,000A  "
03/06/1981,"132,000A  "
03/07/1981,"118,000A  "
03/08/1981,"98,000A  "
03/09/1981,"81,200A  "
03/10/1981,"70,700A  "
03/11/1981,"66,200A  "
03/12/1981,"66,500A  "
03/13/1981,"52,500A  "
03/14/1981,"53,600A  "
03/15/1981,"49,100A  "
03/16/1981,"49,100A  "
03/17/1981,"54,000A  "
03/18/1981,"57,300A  "
03/19/1981,"52,800A  "
03/20/1981,"46,200A  "
03/21/1981,"42,200A  "
03/22/1981,"37,100A  "
03/23/1981,"37,500A  "
03/24/1981,"35,400A  "
03/25/1981,"42,800A  "
03/26/1981,"42,200A  "
03/27/1981,"45,600A  "
03/28/1981,"63,400A  "
03/29/1981,"75,400A  "
03/30/1981,"70,700A  "
03/31/1981,"63,400A  "
04/01/1981,"61,400A  "
04/02/1981,"65,900A  "
04/03/1981,"53,700A  "
04/04/1981,"53,500A  "
04/05/1981,"64,600A  "
04/06/1981,"83,200A  "
04/07/1981,"82,000A  "
04/08/1981,"63,200A  "
04/09/1981,"54,400A  "
04/10/1981,"55,200A  "
04/11/1981,"46,600A  "
04/12/1981,"98,100A  "
04/13/1981,"207,000A  "
04/14/1981,"205,000A  "
04/15/1981,"170,000A  "
04/16/1981,"143,000A  "
04/17/1981,"139,000A  "
04/18/1981,"140,000A  "
04/19/1981,"141,000A  "
04/20/1981,"121,000A  "
04/21/1981,"104,000A  "
04/22/1981,"92,900A  "
04/23/1981,"83,300A  "
04/24/1981,"95,200A  "
04/25/1981,"99,900A  "
04/26/1981,"97,600A  "
04/27/1981,"91,600A  "
04/28/1981,"84,400A  "
04/29/1981,"84,600A  "
04/30/1981,"131,000A  "
05/01/1981,"174,000A  "
05/02/1981,"151,000A  "
05/03/1981,"134,000A  "
05/04/1981,"111,000A  "
05/05/1981,"94,000A  "
05/06/1981,"87,400A  "
05/07/1981,"84,600A  "
05/08/1981,"76,900A  "
05/09/1981,"61,400A  "
05/10/1981,"52,900A  "
05/11/1981,"46,000A  "
05/12/1981,"64,300A  "
05/13/1981,"75,000A  "
05/14/1981,"71,900A  "
05/15/1981,"84,000A  "
05/16/1981,"111,000A  "
05/17/1981,"104,000A  "
05/18/1981,"91,400A  "
05/19/1981,"81,800A  "
05/20/1981,"109,000A  "
05/21/1981,"110,000A  "
05/22/1981,"84,500A  "
05/23/1981,"66,000A  "
05/24/1981,"53,400A  "
05/25/1981,"34,500A  "
05/26/1981,"33,000A  "
05/27/1981,"38,000A  "
05/28/1981,"43,800A  "
05/29/1981,"54,000A  "
05/30/1981,"64,000A  "
05/31/1981,"68,300A  "
06/01/1981,"79,800A  "
06/02/1981,"70,500A  "
06/03/1981,"64,400A  "
06/04/1981,"78,500A  "
06/05/1981,"91,900A  "
06/06/1981,"186,000A  "
06/07/1981,"207,000A  "
06/08/1981,"185,000A  "
06/09/1981,"120,000A  "
06/10/1981,"167,000A  "
06/11/1981,"208,000A  "
06/12/1981,"149,000A  "
06/13/1981,"120,000A  "
06/14/1981,"174,000A  "
06/15/1981,"171,000A  "
06/16/1981,"133,000A  "
06/17/1981,"125,000A  "
06/18/1981,"110,000A  "
06/19/1981,"89,100A  "
06/20/1981,"74,400A  "
06/21/1981,"70,700A  "
06/22/1981,"90,000A  "
06/23/1981,"96,900A  "
06/24/1981,"76,500A  "
06/25/1981,"71,100A  "
06/26/1981,"91,100A  "
06/27/1981,"77,000A  "
06/28/1981,"68,000A  "
06/29/1981,"54,700A  "
06/30/1981,"49,000A  "
07/01/1981,"61,000A  "
07/02/1981,"62,900A  "
07/03/1981,"45,400A  "
07/04/1981,"37,700A  "
07/05/1981,"35,800A  "
07/06/1981,"36,800A  "
07/07/1981,"39,900A  "
07/08/1981,"31,800A  "
07/09/1981,"31,400A  "
07/10/1981,"25,800A  "
07/11/1981,"20,400A  "
07/12/1981,"20,300A  "
07/13/1981,"16,600A  "
07/14/1981,"24,200A  "
07/15/1981,"24,600A  "
07/16/1981,"15,800A  "
07/17/1981,"14,800A  "
07/18/1981,"12,900A  "
07/19/1981,"12,300A  "
07/20/1981,"12,800A  "
07/21/1981,"22,500A  "
07/22/1981,"31,000A  "
07/23/1981,"26,500A  "
07/24/1981,"14,300A  "
07/25/1981,"13,700A  "
07/26/1981,"16,700A  "
07/27/1981,"23,700A  "
07/28/1981,"28,100A  "
07/29/1981,"61,700A  "
07/30/1981,"43,100A  "
07/31/1981,"44,200A  "
08/01/1981,"34,600A  "
08/02/1981,"26,500A  "
08/03/1981,"22,300A  "
08/04/1981,"20,500A  "
08/05/1981,"21,600A  "
08/06/1981,"28,900A  "
08/07/1981,"13,800A  "
08/08/1981,"14,900A  "
08/09/1981,"22,100A  "
08/10/1981,"31,100A  "
08/11/1981,"15,300A  "
08/12/1981,"13,700A  "
08/13/1981,"19,300A  "
08/14/1981,"18,200A  "
08/15/1981,"15,500A  "
08/16/1981,"15,500A  "
08/17/1981,"15,600A  "
08/18/1981,"18,500A  "
08/19/1981,"19,300A  "
08/20/1981,"18,800A  "
08/21/1981,"9,710A  "
08/22/1981,"9,190A  "
08/23/1981,"9,070A  "
08/24/1981,"9,080A  "
08/25/1981,"10,200A  "
08/26/1981,"10,700A  "
08/27/1981,"10,600A  "
08/28/1981,"9,470A  "
08/29/1981,"8,700A  "
08/30/1981,"14,000A  "
08/31/1981,"16,300A  "
09/01/1981,"14,300A  "
09/02/1981,"22,900A  "
09/03/1981,"44,700A  "
09/04/1981,"55,600A  "
09/05/1981,"64,000A  "
09/06/1981,"64,500A  "
09/07/1981,"50,500A  "
09/08/1981,"36,000A  "
09/09/1981,"35,800A  "
09/10/1981,"36,700A  "
09/11/1981,"38,200A  "
09/12/1981,"28,600A  "
09/13/1981,"24,700A  "
09/14/1981,"20,900A  "
09/15/1981,"23,100A  "
09/16/1981,"19,200A  "
09/17/1981,"33,000A  "
09/18/1981,"36,100A  "
09/19/1981,"27,800A  "
09/20/1981,"25,300A  "
09/21/1981,"21,900A  "
09/22/1981,"22,000A  "
09/23/1981,"19,900A  "
09/24/1981,"19,800A  "
09/25/1981,"18,800A  "
09/26/1981,"13,900A  "
09/27/1981,"14,300A  "
09/28/1981,"14,200A  "
09/29/1981,"13,500A  "
09/30/1981,"13,500A  "
10/01/1981,"13,400A  "
10/02/1981,"12,600A  "
10/03/1981,"28,900A  "
10/04/1981,"33,500A  "
10/05/1981,"28,800A  "
10/06/1981,"27,900A  "
10/07/1981,"28,100A  "
10/08/1981,"26,500A  "
10/09/1981,"28,000A  "
10/10/1981,"29,700A  "
10/11/1981,"29,100A  "
10/12/1981,"24,600A  "
10/13/1981,"23,300A  "
10/14/1981,"23,300A  "
10/15/1981,"20,500A  "
10/16/1981,"14,500A  "
10/17/1981,"16,400A  "
10/18/1981,"12,300A  "
10/19/1981,"12,600A  "
10/20/1981,"19,500A  "
10/21/1981,"18,500A  "
10/22/1981,"16,200A  "
10/23/1981,"17,800A  "
10/24/1981,"21,600A  "
10/25/1981,"23,400A  "
10/26/1981,"23,800A  "
10/27/1981,"25,800A  "
10/28/1981,"78,100A  "
10/29/1981,"86,900A  "
10/30/1981,"79,300A  "
10/31/1981,"70,900A  "
11/01/1981,"68,900A  "
11/02/1981,"59,000A  "
11/03/1981,"52,100A  "
11/04/1981,"40,500A  "
11/05/1981,"36,800A  "
11/06/1981,"36,300A  "
11/07/1981,"41,000A  "
11/08/1981,"44,500A  "
11/09/1981,"50,200A  "
11/10/1981,"50,400A  "
11/11/1981,"41,700A  "
11/12/1981,"37,300A  "
11/13/1981,"32,100A  "
11/14/1981,"28,700A  "
11/15/1981,"27,100A  "
11/16/1981,"24,000A  "
11/17/1981,"22,000A  "
11/18/1981,"19,400A  "
11/19/1981,"20,400A  "
11/20/1981,"24,900A  "
11/21/1981,"36,000A  "
11/22/1981,"40,300A  "
11/23/1981,"43,800A  "
11/24/1981,"40,900A  "
11/25/1981,"40,000A  "
11/26/1981,"39,600A  "
11/27/1981,"36,100A  "
11/28/1981,"31,400A  "
11/29/1981,"40,500A  "
11/30/1981,"39,100A  "
12/01/1981,"30,300A  "
12/02/1981,"36,200A  "
12/03/1981,"41,600A  "
12/04/1981,"48,400A  "
12/05/1981,"42,400A  "
12/06/1981,"41,300A  "
12/07/1981,"41,000A  "
12/08/1981,"41,500A  "
12/09/1981,"49,200A  "
12/10/1981,"55,100A  "
12/11/1981,"51,300A  "
12/12/1981,"50,000A  "
12/13/1981,"43,800A  "
12/14/1981,"40,600A  "
12/15/1981,"40,800A  "
12/16/1981,"40,400A  "
12/17/1981,"36,300A  "
12/18/1981,"34,900A  "
12/19/1981,"31,800A  "
12/20/1981,"29,500A  "
12/21/1981,"29,700A  "
12/22/1981,"27,300A  "
12/23/1981,"62,500A  "
12/24/1981,"127,000A  "
12/25/1981,"144,000A  "
12/26/1981,"117,000A  "
12/27/1981,"95,300A  "
12/28/1981,"84,500A  "
12/29/1981,"68,400A  "
12/30/1981,"56,000A  "
12/31/1981,"52,300A  "
01/01/1982,"49,900A  "
01/02/1982,"47,600A  "
01/03/1982,"60,000A  "
01/04/1982,"95,000A  "
01/05/1982,"113,000A  "
01/06/1982,"108,000A  "
01/07/1982,"89,500A  "
01/08/1982,"81,300A  "
01/09/1982,"65,600A  "
01/10/1982,"53,700A  "
01/11/1982,"33,100A  "
01/12/1982,"32,000A  "
01/13/1982,"35,300A  "
01/14/1982,"40,000A  "
01/15/1982,"41,300A  "
01/16/1982,"28,800A  "
01/17/1982,"23,300A  "
01/18/1982,"27,400A  "
01/19/1982,"25,700A  "
01/20/1982,"32,400A  "
01/21/1982,"31,200A  "
01/22/1982,"29,300A  "
01/23/1982,"100,000A  "
01/24/1982,"195,000A  "
01/25/1982,"162,000A  "
01/26/1982,"80,600A  "
01/27/1982,"65,600A  "
01/28/1982,"61,000A  "
01/29/1982,"60,000A  "
01/30/1982,"64,600A  "
01/31/1982,"81,600A  "
02/01/1982,"189,000A  "
02/02/1982,"215,000A  "
02/03/1982,"160,000A  "
02/04/1982,"138,000A  "
02/05/1982,"137,000A  "
02/06/1982,"132,000A  "
02/07/1982,"114,000A  "
02/08/1982,"104,000A  "
02/09/1982,"85,300A  "
02/10/1982,"81,200A  "
02/11/1982,"70,600A  "
02/12/1982,"65,900A  "
02/13/1982,"61,800A  "
02/14/1982,"59,400A  "
02/15/1982,"54,700A  "
02/16/1982,"71,800A  "
02/17/1982,"102,000A  "
02/18/1982,"136,000A  "
02/19/1982,"141,000A  "
02/20/1982,"127,000A  "
02/21/1982,"128,000A  "
02/22/1982,"125,000A  "
02/23/1982,"110,000A  "
02/24/1982,"101,000A  "
02/25/1982,"94,000A  "
02/26/1982,"85,900A  "
02/27/1982,"66,500A  "
02/28/1982,"57,900A  "
03/01/1982,"51,200A  "
03/02/1982,"44,800A  "
03/03/1982,"45,500A  "
03/04/1982,"46,400A  "
03/05/1982,"75,800A  "
03/06/1982,"80,300A  "
03/07/1982,"71,800A  "
03/08/1982,"73,600A  "
03/09/1982,"63,600A  "
03/10/1982,"58,900A  "
03/11/1982,"68,500A  "
03/12/1982,"114,000A  "
03/13/1982,"221,000A  "
03/14/1982,"166,000A  "
03/15/1982,"167,000A  "
03/16/1982,"170,000A  "
03/17/1982,"237,000A  "
03/18/1982,"266,000A  "
03/19/1982,"207,000A  "
03/20/1982,"188,000A  "
03/21/1982,"228,000A  "
03/22/1982,"213,000A  "
03/23/1982,"187,000A  "
03/24/1982,"161,000A  "
03/25/1982,"131,000A  "
03/26/1982,"125,000A  "
03/27/1982,"126,000A  "
03/28/1982,"111,000A  "
03/29/1982,"86,500A  "
03/30/1982,"76,400A  "
03/31/1982,"76,700A  "
04/01/1982,"84,400A  "
04/02/1982,"89,500A  "
04/03/1982,"94,900A  "
04/04/1982,"99,700A  "
04/05/1982,"100,000A  "
04/06/1982,"88,900A  "
04/07/1982,"88,500A  "
04/08/1982,"91,700A  "
04/09/1982,"85,500A  "
04/10/1982,"80,400A  "
04/11/1982,"87,100A  "
04/12/1982,"80,000A  "
04/13/1982,"68,300A  "
04/14/1982,"75,200A  "
04/15/1982,"59,700A  "
04/16/1982,"56,200A  "
04/17/1982,"54,000A  "
04/18/1982,"55,000A  "
04/19/1982,"50,400A  "
04/20/1982,"49,300A  "
04/21/1982,"42,800A  "
04/22/1982,"40,800A  "
04/23/1982,"28,800A  "
04/24/1982,"26,400A  "
04/25/1982,"30,100A  "
04/26/1982,"28,500A  "
04/27/1982,"23,300A  "
04/28/1982,"26,200A  "
04/29/1982,"30,200A  "
04/30/1982,"25,300A  "
05/01/1982,"19,600A  "
05/02/1982,"23,300A  "
05/03/1982,"18,800A  "
05/04/1982,"16,300A  "
05/05/1982,"15,900A  "
05/06/1982,"15,200A  "
05/07/1982,"13,700A  "
05/08/1982,"16,200A  "
05/09/1982,"16,200A  "
05/10/1982,"23,200A  "
05/11/1982,"21,200A  "
05/12/1982,"20,900A  "
05/13/1982,"19,400A  "
05/14/1982,"20,200A  "
05/15/1982,"15,700A  "
05/16/1982,"13,400A  "
05/17/1982,"14,700A  "
05/18/1982,"13,600A  "
05/19/1982,"14,000A  "
05/20/1982,"16,100A  "
05/21/1982,"23,700A  "
05/22/1982,"19,600A  "
05/23/1982,"19,800A  "
05/24/1982,"43,000A  "
05/25/1982,"54,900A  "
05/26/1982,"41,100A  "
05/27/1982,"37,800A  "
05/28/1982,"35,000A  "
05/29/1982,"43,800A  "
05/30/1982,"73,800A  "
05/31/1982,"61,000A  "
06/01/1982,"50,300A  "
06/02/1982,"51,600A  "
06/03/1982,"38,600A  "
06/04/1982,"29,800A  "
06/05/1982,"69,800A  "
06/06/1982,"80,200A  "
06/07/1982,"84,400A  "
06/08/1982,"81,500A  "
06/09/1982,"73,000A  "
06/10/1982,"68,300A  "
06/11/1982,"56,400A  "
06/12/1982,"48,900A  "
06/13/1982,"42,900A  "
06/14/1982,"41,500A  "
06/15/1982,"62,400A  "
06/16/1982,"55,300A  "
06/17/1982,"60,500A  "
06/18/1982,"75,200A  "
06/19/1982,"67,200A  "
06/20/1982,"54,600A  "
06/21/1982,"47,600A  "
06/22/1982,"41,000A  "
06/23/1982,"36,800A  "
06/24/1982,"34,100A  "
06/25/1982,"28,000A  "
06/26/1982,"21,500A  "
06/27/1982,"17,600A  "
06/28/1982,"15,900A  "
06/29/1982,"22,000A  "
06/30/1982,"36,200A  "
07/01/1982,"53,800A  "
07/02/1982,"41,100A  "
07/03/1982,"38,300A  "
07/04/1982,"78,300A  "
07/05/1982,"84,300A  "
07/06/1982,"59,700A  "
07/07/1982,"50,500A  "
07/08/1982,"37,500A  "
07/09/1982,"44,200A  "
07/10/1982,"30,600A  "
07/11/1982,"26,400A  "
07/12/1982,"20,900A  "
07/13/1982,"21,000A  "
07/14/1982,"19,800A  "
07/15/1982,"18,400A  "
07/16/1982,"18,300A  "
07/17/1982,"16,300A  "
07/18/1982,"14,600A  "
07/19/1982,"12,100A  "
07/20/1982,"16,500A  "
07/21/1982,"17,700A  "
07/22/1982,"19,100A  "
07/23/1982,"23,500A  "
07/24/1982,"17,400A  "
07/25/1982,"14,100A  "
07/26/1982,"6,850A  "
07/27/1982,"10,100A  "
07/28/1982,"11,500A  "
07/29/1982,"15,900A  "
07/30/1982,"18,100A  "
07/31/1982,"25,800A  "
08/01/1982,"21,700A  "
08/02/1982,"16,000A  "
08/03/1982,"15,800A  "
08/04/1982,"15,000A  "
08/05/1982,"11,500A  "
08/06/1982,"10,600A  "
08/07/1982,"8,630A  "
08/08/1982,"15,400A  "
08/09/1982,"13,700A  "
08/10/1982,"22,800A  "
08/11/1982,"22,800A  "
08/12/1982,"23,500A  "
08/13/1982,"11,500A  "
08/14/1982,"11,700A  "
08/15/1982,"11,100A  "
08/16/1982,"7,400A  "
08/17/1982,"7,760A  "
08/18/1982,"15,000A  "
08/19/1982,"9,210A  "
08/20/1982,"6,750A  "
08/21/1982,"10,600A  "
08/22/1982,"6,370A  "
08/23/1982,"14,600A  "
08/24/1982,"17,400A  "
08/25/1982,"17,900A  "
08/26/1982,"19,800A  "
08/27/1982,"11,100A  "
08/28/1982,"12,200A  "
08/29/1982,"8,830A  "
08/30/1982,"12,000A  "
08/31/1982,"10,200A  "
09/01/1982,"8,870A  "
09/02/1982,"15,400A  "
09/03/1982,"28,700A  "
09/04/1982,"18,300A  "
09/05/1982,"15,600A  "
09/06/1982,"13,900A  "
09/07/1982,"12,600A  "
09/08/1982,"11,800A  "
09/09/1982,"10,700A  "
09/10/1982,"6,260A  "
09/11/1982,"6,340A  "
09/12/1982,"7,300A  "
09/13/1982,"7,690A  "
09/14/1982,"7,320A  "
09/15/1982,"10,300A  "
09/16/1982,"9,570A  "
09/17/1982,"9,230A  "
09/18/1982,"8,280A  "
09/19/1982,"6,150A  "
09/20/1982,"9,120A  "
09/21/1982,"9,440A  "
09/22/1982,"23,200A  "
09/23/1982,"18,500A  "
09/24/1982,"13,000A  "
09/25/1982,"11,700A  "
09/26/1982,"13,900A  "
09/27/1982,"18,800A  "
09/28/1982,"20,500A  "
09/29/1982,"20,600A  "
09/30/1982,"20,800A  "
10/01/1982,"15,300A  "
10/02/1982,"17,000A  "
10/03/1982,"14,200A  "
10/04/1982,"11,600A  "
10/05/1982,"9,240A  "
10/06/1982,"12,100A  "
10/07/1982,"8,780A  "
10/08/1982,"7,160A  "
10/09/1982,"13,000A  "
10/10/1982,"8,800A  "
10/11/1982,"5,630A  "
10/12/1982,"16,400A  "
10/13/1982,"12,400A  "
10/14/1982,"7,740A  "
10/15/1982,"4,830A  "
10/16/1982,"12,200A  "
10/17/1982,"8,470A  "
10/18/1982,"12,900A  "
10/19/1982,"9,740A  "
10/20/1982,"10,800A  "
10/21/1982,"16,700A  "
10/22/1982,"11,900A  "
10/23/1982,"8,980A  "
10/24/1982,"9,040A  "
10/25/1982,"12,900A  "
10/26/1982,"11,500A  "
10/27/1982,"8,210A  "
10/28/1982,"8,750A  "
10/29/1982,"9,230A  "
10/30/1982,"9,200A  "
10/31/1982,"9,180A  "
11/01/1982,"8,720A  "
11/02/1982,"9,780A  "
11/03/1982,"13,700A  "
11/04/1982,"25,900A  "
11/05/1982,"27,200A  "
11/06/1982,"31,500A  "
11/07/1982,"35,400A  "
11/08/1982,"19,900A  "
11/09/1982,"21,300A  "
11/10/1982,"20,800A  "
11/11/1982,"17,700A  "
11/12/1982,"17,600A  "
11/13/1982,"17,600A  "
11/14/1982,"18,900A  "
11/15/1982,"27,900A  "
11/16/1982,"29,000A  "
11/17/1982,"25,100A  "
11/18/1982,"19,900A  "
11/19/1982,"17,500A  "
11/20/1982,"19,300A  "
11/21/1982,"21,200A  "
11/22/1982,"32,300A  "
11/23/1982,"61,000A  "
11/24/1982,"72,200A  "
11/25/1982,"51,900A  "
11/26/1982,"51,900A  "
11/27/1982,"52,000A  "
11/28/1982,"47,800A  "
11/29/1982,"69,300A  "
11/30/1982,"97,700A  "
12/01/1982,"112,000A  "
12/02/1982,"88,600A  "
12/03/1982,"79,000A  "
12/04/1982,"65,400A  "
12/05/1982,"54,800A  "
12/06/1982,"48,700A  "
12/07/1982,"47,700A  "
12/08/1982,"46,700A  "
12/09/1982,"42,700A  "
12/10/1982,"32,900A  "
12/11/1982,"33,100A  "
12/12/1982,"32,900A  "
12/13/1982,"26,500A  "
12/14/1982,"27,700A  "
12/15/1982,"28,000A  "
12/16/1982,"62,200A  "
12/17/1982,"84,400A  "
12/18/1982,"89,000A  "
12/19/1982,"71,800A  "
12/20/1982,"72,200A  "
12/21/1982,"69,700A  "
12/22/1982,"54,000A  "
12/23/1982,"59,200A  "
12/24/1982,"95,600A  "
12/25/1982,"101,000A  "
12/26/1982,"111,000A  "
12/27/1982,"115,000A  "
12/28/1982,"113,000A  "
12/29/1982,"115,000A  "
12/30/1982,"106,000A  "
12/31/1982,"99,200A  "
01/01/1983,"82,600A  "
01/02/1983,"77,900A  "
01/03/1983,"68,000A  "
01/04/1983,"66,100A  "
01/05/1983,"64,000A  "
01/06/1983,"58,500A  "
01/07/1983,"55,500A  "
01/08/1983,"54,700A  "
01/09/1983,"50,400A  "
01/10/1983,"47,700A  "
01/11/1983,"47,400A  "
01/12/1983,"51,200A  "
01/13/1983,"49,200A  "
01/14/1983,"45,700A  "
01/15/1983,"40,000A  "
01/16/1983,"33,900A  "
01/17/1983,"33,900A  "
01/18/1983,"28,700A  "
01/19/1983,"21,100A  "
01/20/1983,"19,700A  "
01/21/1983,"13,800A  "
01/22/1983,"16,500A  "
01/23/1983,"24,400A  "
01/24/1983,"34,700A  "
01/25/1983,"46,400A  "
01/26/1983,"45,300A  "
01/27/1983,"41,500A  "
01/28/1983,"33,000A  "
01/29/1983,"30,800A  "
01/30/1983,"29,700A  "
01/31/1983,"31,200A  "
02/01/1983,"50,300A  "
02/02/1983,"67,600A  "
02/03/1983,"139,000A  "
02/04/1983,"148,000A  "
02/05/1983,"114,000A  "
02/06/1983,"88,300A  "
02/07/1983,"74,800A  "
02/08/1983,"63,400A  "
02/09/1983,"59,400A  "
02/10/1983,"51,000A  "
02/11/1983,"48,100A  "
02/12/1983,"43,400A  "
02/13/1983,"36,700A  "
02/14/1983,"31,600A  "
02/15/1983,"29,800A  "
02/16/1983,"38,400A  "
02/17/1983,"51,100A  "
02/18/1983,"53,800A  "
02/19/1983,"53,100A  "
02/20/1983,"53,100A  "
02/21/1983,"45,600A  "
02/22/1983,"34,700A  "
02/23/1983,"48,700A  "
02/24/1983,"43,900A  "
02/25/1983,"43,000A  "
02/26/1983,"41,000A  "
02/27/1983,"33,700A  "
02/28/1983,"29,900A  "
03/01/1983,"24,100A  "
03/02/1983,"26,600A  "
03/03/1983,"26,600A  "
03/04/1983,"28,900A  "
03/05/1983,"25,800A  "
03/06/1983,"24,200A  "
03/07/1983,"25,200A  "
03/08/1983,"28,000A  "
03/09/1983,"53,700A  "
03/10/1983,"56,400A  "
03/11/1983,"65,000A  "
03/12/1983,"74,400A  "
03/13/1983,"71,700A  "
03/14/1983,"62,900A  "
03/15/1983,"62,800A  "
03/16/1983,"59,900A  "
03/17/1983,"55,600A  "
03/18/1983,"49,700A  "
03/19/1983,"55,400A  "
03/20/1983,"102,000A  "
03/21/1983,"110,000A  "
03/22/1983,"123,000A  "
03/23/1983,"137,000A  "
03/24/1983,"121,000A  "
03/25/1983,"98,400A  "
03/26/1983,"84,600A  "
03/27/1983,"72,400A  "
03/28/1983,"81,400A  "
03/29/1983,"103,000A  "
03/30/1983,"104,000A  "
03/31/1983,"90,700A  "
04/01/1983,"77,500A  "
04/02/1983,"68,800A  "
04/03/1983,"65,100A  "
04/04/1983,"77,000A  "
04/05/1983,"78,000A  "
04/06/1983,"75,000A  "
04/07/1983,"72,500A  "
04/08/1983,"103,000A  "
04/09/1983,"170,000A  "
04/10/1983,"209,000A  "
04/11/1983,"190,000A  "
04/12/1983,"163,000A  "
04/13/1983,"143,000A  "
04/14/1983,"131,000A  "
04/15/1983,"165,000A  "
04/16/1983,"222,000A  "
04/17/1983,"186,000A  "
04/18/1983,"143,000A  "
04/19/1983,"122,000A  "
04/20/1983,"117,000A  "
04/21/1983,"103,000A  "
04/22/1983,"93,400A  "
04/23/1983,"82,700A  "
04/24/1983,"73,900A  "
04/25/1983,"102,000A  "
04/26/1983,"129,000A  "
04/27/1983,"94,900A  "
04/28/1983,"84,600A  "
04/29/1983,"76,200A  "
04/30/1983,"70,500A  "
05/01/1983,"91,100A  "
05/02/1983,"140,000A  "
05/03/1983,"282,000A  "
05/04/1983,"289,000A  "
05/05/1983,"309,000A  "
05/06/1983,"215,000A  "
05/07/1983,"159,000A  "
05/08/1983,"135,000A  "
05/09/1983,"115,000A  "
05/10/1983,"102,000A  "
05/11/1983,"88,200A  "
05/12/1983,"79,300A  "
05/13/1983,"73,500A  "
05/14/1983,"66,300A  "
05/15/1983,"69,200A  "
05/16/1983,"105,000A  "
05/17/1983,"138,000A  "
05/18/1983,"133,000A  "
05/19/1983,"110,000A  "
05/20/1983,"111,000A  "
05/21/1983,"107,000A  "
05/22/1983,"113,000A  "
05/23/1983,"189,000A  "
05/24/1983,"206,000A  "
05/25/1983,"163,000A  "
05/26/1983,"122,000A  "
05/27/1983,"116,000A  "
05/28/1983,"96,000A  "
05/29/1983,"71,900A  "
05/30/1983,"66,900A  "
05/31/1983,"65,900A  "
06/01/1983,"59,400A  "
06/02/1983,"53,300A  "
06/03/1983,"52,000A  "
06/04/1983,"59,800A  "
06/05/1983,"67,900A  "
06/06/1983,"57,000A  "
06/07/1983,"54,400A  "
06/08/1983,"45,900A  "
06/09/1983,"42,400A  "
06/10/1983,"35,400A  "
06/11/1983,"32,600A  "
06/12/1983,"30,300A  "
06/13/1983,"21,800A  "
06/14/1983,"19,000A  "
06/15/1983,"21,000A  "
06/16/1983,"23,300A  "
06/17/1983,"17,100A  "
06/18/1983,"16,700A  "
06/19/1983,"30,400A  "
06/20/1983,"34,000A  "
06/21/1983,"34,200A  "
06/22/1983,"36,900A  "
06/23/1983,"46,700A  "
06/24/1983,"38,300A  "
06/25/1983,"27,200A  "
06/26/1983,"20,900A  "
06/27/1983,"19,400A  "
06/28/1983,"18,400A  "
06/29/1983,"47,600A  "
06/30/1983,"68,900A  "
07/01/1983,"51,600A  "
07/02/1983,"52,300A  "
07/03/1983,"47,600A  "
07/04/1983,"37,900A  "
07/05/1983,"40,800A  "
07/06/1983,"32,700A  "
07/07/1983,"40,700A  "
07/08/1983,"23,200A  "
07/09/1983,"22,700A  "
07/10/1983,"19,000A  "
07/11/1983,"17,700A  "
07/12/1983,"10,800A  "
07/13/1983,"18,700A  "
07/14/1983,"16,700A  "
07/15/1983,"12,400A  "
07/16/1983,"9,110A  "
07/17/1983,"9,450A  "
07/18/1983,"14,600A  "
07/19/1983,"17,000A  "
07/20/1983,"21,400A  "
07/21/1983,"14,000A  "
07/22/1983,"23,500A  "
07/23/1983,"25,500A  "
07/24/1983,"50,800A  "
07/25/1983,"39,100A  "
07/26/1983,"32,500A  "
07/27/1983,"17,700A  "
07/28/1983,"22,600A  "
07/29/1983,"18,500A  "
07/30/1983,"14,200A  "
07/31/1983,"11,400A  "
08/01/1983,"17,600A  "
08/02/1983,"27,500A  "
08/03/1983,"14,500A  "
08/04/1983,"18,600A  "
08/05/1983,"17,100A  "
08/06/1983,"18,100A  "
08/07/1983,"26,900A  "
08/08/1983,"22,600A  "
08/09/1983,"16,600A  "
08/10/1983,"16,000A  "
08/11/1983,"11,800A  "
08/12/1983,"12,200A  "
08/13/1983,"17,500A  "
08/14/1983,"12,800A  "
08/15/1983,"15,200A  "
08/16/1983,"15,900A  "
08/17/1983,"10,300A  "
08/18/1983,"8,460A  "
08/19/1983,"8,790A  "
08/20/1983,"7,480A  "
08/21/1983,"9,360A  "
08/22/1983,"9,280A  "
08/23/1983,"7,530A  "
08/24/1983,"10,200A  "
08/25/1983,"7,670A  "
08/26/1983,"6,800A  "
08/27/1983,"7,390A  "
08/28/1983,"10,600A  "
08/29/1983,"12,800A  "
08/30/1983,"10,000A  "
08/31/1983,"13,300A  "
09/01/1983,"16,500A  "
09/02/1983,"9,320A  "
09/03/1983,"7,730A  "
09/04/1983,"7,490A  "
09/05/1983,"9,910A  "
09/06/1983,"9,920A  "
09/07/1983,"11,200A  "
09/08/1983,"8,260A  "
09/09/1983,"7,090A  "
09/10/1983,"6,660A  "
09/11/1983,"6,090A  "
09/12/1983,"16,700A  "
09/13/1983,"20,300A  "
09/14/1983,"6,120A  "
09/15/1983,"5,040A  "
09/16/1983,"5,590A  "
09/17/1983,"12,700A  "
09/18/1983,"12,900A  "
09/19/1983,"11,200A  "
09/20/1983,"8,160A  "
09/21/1983,"8,790A  "
09/22/1983,"12,600A  "
09/23/1983,"6,400A  "
09/24/1983,"13,500A  "
09/25/1983,"7,360A  "
09/26/1983,"7,030A  "
09/27/1983,"8,480A  "
09/28/1983,"10,500A  "
09/29/1983,"13,700A  "
09/30/1983,"10,800A  "
10/01/1983,"8,920A  "
10/02/1983,"5,780A  "
10/03/1983,"5,850A  "
10/04/1983,"5,740A  "
10/05/1983,"14,400A  "
10/06/1983,"9,940A  "
10/07/1983,"6,180A  "
10/08/1983,"6,290A  "
10/09/1983,"7,200A  "
10/10/1983,"10,100A  "
10/11/1983,"13,600A  "
10/12/1983,"17,400A  "
10/13/1983,"9,680A  "
10/14/1983,"7,680A  "
10/15/1983,"11,100A  "
10/16/1983,"18,800A  "
10/17/1983,"9,620A  "
10/18/1983,"10,900A  "
10/19/1983,"20,200A  "
10/20/1983,"15,400A  "
10/21/1983,"16,000A  "
10/22/1983,"17,700A  "
10/23/1983,"52,100A  "
10/24/1983,"56,500A  "
10/25/1983,"46,900A  "
10/26/1983,"29,300A  "
10/27/1983,"20,300A  "
10/28/1983,"18,200A  "
10/29/1983,"16,100A  "
10/30/1983,"15,000A  "
10/31/1983,"13,800A  "
11/01/1983,"10,800A  "
11/02/1983,"15,900A  "
11/03/1983,"25,800A  "
11/04/1983,"22,500A  "
11/05/1983,"32,100A  "
11/06/1983,"28,600A  "
11/07/1983,"24,500A  "
11/08/1983,"26,100A  "
11/09/1983,"27,800A  "
11/10/1983,"23,300A  "
11/11/1983,"56,300A  "
11/12/1983,"70,000A  "
11/13/1983,"70,100A  "
11/14/1983,"60,800A  "
11/15/1983,"50,800A  "
11/16/1983,"56,700A  "
11/17/1983,"73,900A  "
11/18/1983,"72,500A  "
11/19/1983,"69,200A  "
11/20/1983,"57,600A  "
11/21/1983,"54,800A  "
11/22/1983,"62,000A  "
11/23/1983,"63,300A  "
11/24/1983,"52,600A  "
11/25/1983,"44,800A  "
11/26/1983,"45,300A  "
11/27/1983,"45,700A  "
11/28/1983,"60,000A  "
11/29/1983,"108,000A  "
11/30/1983,"122,000A  "
12/01/1983,"99,900A  "
12/02/1983,"78,700A  "
12/03/1983,"65,600A  "
12/04/1983,"76,400A  "
12/05/1983,"130,000A  "
12/06/1983,"139,000A  "
12/07/1983,"138,000A  "
12/08/1983,"133,000A  "
12/09/1983,"131,000A  "
12/10/1983,"120,000A  "
12/11/1983,"106,000A  "
12/12/1983,"131,000A  "
12/13/1983,"167,000A  "
12/14/1983,"158,000A  "
12/15/1983,"133,000A  "
12/16/1983,"117,000A  "
12/17/1983,"103,000A  "
12/18/1983,"85,900A  "
12/19/1983,"84,700A  "
12/20/1983,"76,600A  "
12/21/1983,"66,200A  "
12/22/1983,"116,000A  "
12/23/1983,"136,000A  "
12/24/1983,"111,000A  "
12/25/1983,"72,300A  "
12/26/1983,"45,900A  "
12/27/1983,"38,800A  "
12/28/1983,"48,200A  "
12/29/1983,"70,800A  "
12/30/1983,"78,400A  "
12/31/1983,"74,600A  "
01/01/1984,"55,000A  "
01/02/1984,"52,700A  "
01/03/1984,"43,400A  "
01/04/1984,"39,600A  "
01/05/1984,"38,500A  "
01/06/1984,"42,700A  "
01/07/1984,"44,500A  "
01/08/1984,"42,300A  "
01/09/1984,"35,700A  "
01/10/1984,"33,100A  "
01/11/1984,"34,000A  "
01/12/1984,"27,500A  "
01/13/1984,"20,100A  "
01/14/1984,"18,700A  "
01/15/1984,"21,300A  "
01/16/1984,"17,500A  "
01/17/1984,"19,600A  "
01/18/1984,"19,100A  "
01/19/1984,"17,100A  "
01/20/1984,"15,800A  "
01/21/1984,"15,400A  "
01/22/1984,"11,500A  "
01/23/1984,"10,700A  "
01/24/1984,"21,300A  "
01/25/1984,"57,700A  "
01/26/1984,"75,000A  "
01/27/1984,"76,600A  "
01/28/1984,"59,700A  "
01/29/1984,"54,500A  "
01/30/1984,"48,100A  "
01/31/1984,"41,300A  "
02/01/1984,"41,700A  "
02/02/1984,"35,800A  "
02/03/1984,"35,100A  "
02/04/1984,"52,600A  "
02/05/1984,"55,000A  "
02/06/1984,"57,800A  "
02/07/1984,"52,100A  "
02/08/1984,"42,400A  "
02/09/1984,"36,600A  "
02/10/1984,"41,900A  "
02/11/1984,"37,300A  "
02/12/1984,"50,200A  "
02/13/1984,"75,300A  "
02/14/1984,"133,000A  "
02/15/1984,"214,000A  "
02/16/1984,"354,000A  "
02/17/1984,"206,000A  "
02/18/1984,"147,000A  "
02/19/1984,"139,000A  "
02/20/1984,"137,000A  "
02/21/1984,"137,000A  "
02/22/1984,"125,000A  "
02/23/1984,"113,000A  "
02/24/1984,"98,900A  "
02/25/1984,"91,500A  "
02/26/1984,"91,200A  "
02/27/1984,"87,000A  "
02/28/1984,"84,600A  "
02/29/1984,"91,600A  "
03/01/1984,"79,300A  "
03/02/1984,"71,600A  "
03/03/1984,"68,600A  "
03/04/1984,"59,000A  "
03/05/1984,"54,400A  "
03/06/1984,"79,900A  "
03/07/1984,"95,300A  "
03/08/1984,"100,000A  "
03/09/1984,"84,900A  "
03/10/1984,"72,400A  "
03/11/1984,"63,200A  "
03/12/1984,"54,300A  "
03/13/1984,"46,600A  "
03/14/1984,"54,900A  "
03/15/1984,"56,900A  "
03/16/1984,"61,300A  "
03/17/1984,"81,500A  "
03/18/1984,"96,300A  "
03/19/1984,"101,000A  "
03/20/1984,"86,300A  "
03/21/1984,"117,000A  "
03/22/1984,"130,000A  "
03/23/1984,"190,000A  "
03/24/1984,"163,000A  "
03/25/1984,"138,000A  "
03/26/1984,"165,000A  "
03/27/1984,"183,000A  "
03/28/1984,"173,000A  "
03/29/1984,"199,000A  "
03/30/1984,"226,000A  "
03/31/1984,"183,000A  "
04/01/1984,"149,000A  "
04/02/1984,"130,000A  "
04/03/1984,"123,000A  "
04/04/1984,"134,000A  "
04/05/1984,"173,000A  "
04/06/1984,"224,000A  "
04/07/1984,"267,000A  "
04/08/1984,"180,000A  "
04/09/1984,"155,000A  "
04/10/1984,"136,000A  "
04/11/1984,"131,000A  "
04/12/1984,"104,000A  "
04/13/1984,"102,000A  "
04/14/1984,"87,600A  "
04/15/1984,"78,500A  "
04/16/1984,"88,100A  "
04/17/1984,"95,900A  "
04/18/1984,"97,200A  "
04/19/1984,"104,000A  "
04/20/1984,"98,700A  "
04/21/1984,"87,400A  "
04/22/1984,"86,300A  "
04/23/1984,"144,000A  "
04/24/1984,"146,000A  "
04/25/1984,"146,000A  "
04/26/1984,"129,000A  "
04/27/1984,"114,000A  "
04/28/1984,"99,300A  "
04/29/1984,"78,800A  "
04/30/1984,"77,000A  "
05/01/1984,"78,300A  "
05/02/1984,"66,100A  "
05/03/1984,"63,400A  "
05/04/1984,"61,600A  "
05/05/1984,"71,800A  "
05/06/1984,"72,600A  "
05/07/1984,"76,600A  "
05/08/1984,"72,200A  "
05/09/1984,"83,500A  "
05/10/1984,"93,300A  "
05/11/1984,"99,200A  "
05/12/1984,"95,400A  "
05/13/1984,"105,000A  "
05/14/1984,"115,000A  "
05/15/1984,"95,500A  "
05/16/1984,"89,200A  "
05/17/1984,"75,800A  "
05/18/1984,"69,700A  "
05/19/1984,"64,200A  "
05/20/1984,"58,800A  "
05/21/1984,"65,800A  "
05/22/1984,"73,100A  "
05/23/1984,"82,500A  "
05/24/1984,"107,000A  "
05/25/1984,"115,000A  "
05/26/1984,"100,000A  "
05/27/1984,"80,000A  "
05/28/1984,"76,800A  "
05/29/1984,"153,000A  "
05/30/1984,"180,000A  "
05/31/1984,"138,000A  "
06/01/1984,"98,500A  "
06/02/1984,"92,300A  "
06/03/1984,"83,000A  "
06/04/1984,"65,200A  "
06/05/1984,"56,800A  "
06/06/1984,"45,800A  "
06/07/1984,"46,700A  "
06/08/1984,"39,900A  "
06/09/1984,"37,300A  "
06/10/1984,"24,100A  "
06/11/1984,"28,000A  "
06/12/1984,"17,200A  "
06/13/1984,"27,500A  "
06/14/1984,"15,800A  "
06/15/1984,"23,500A  "
06/16/1984,"22,600A  "
06/17/1984,"14,200A  "
06/18/1984,"23,500A  "
06/19/1984,"59,800A  "
06/20/1984,"74,200A  "
06/21/1984,"70,200A  "
06/22/1984,"64,800A  "
06/23/1984,"54,000A  "
06/24/1984,"49,500A  "
06/25/1984,"56,000A  "
06/26/1984,"52,600A  "
06/27/1984,"49,900A  "
06/28/1984,"42,700A  "
06/29/1984,"38,100A  "
06/30/1984,"40,200A  "
07/01/1984,"39,900A  "
07/02/1984,"37,100A  "
07/03/1984,"41,100A  "
07/04/1984,"40,400A  "
07/05/1984,"30,600A  "
07/06/1984,"39,900A  "
07/07/1984,"56,000A  "
07/08/1984,"62,000A  "
07/09/1984,"58,300A  "
07/10/1984,"47,400A  "
07/11/1984,"73,800A  "
07/12/1984,"96,000A  "
07/13/1984,"91,700A  "
07/14/1984,"74,000A  "
07/15/1984,"50,200A  "
07/16/1984,"43,400A  "
07/17/1984,"33,200A  "
07/18/1984,"26,800A  "
07/19/1984,"27,200A  "
07/20/1984,"24,000A  "
07/21/1984,"20,600A  "
07/22/1984,"15,900A  "
07/23/1984,"14,500A  "
07/24/1984,"14,700A  "
07/25/1984,"16,700A  "
07/26/1984,"14,900A  "
07/27/1984,"11,900A  "
07/28/1984,"15,500A  "
07/29/1984,"17,600A  "
07/30/1984,"17,600A  "
07/31/1984,"15,800A  "
08/01/1984,"11,300A  "
08/02/1984,"11,300A  "
08/03/1984,"12,900A  "
08/04/1984,"41,800A  "
08/05/1984,"33,400A  "
08/06/1984,"29,000A  "
08/07/1984,"28,900A  "
08/08/1984,"27,500A  "
08/09/1984,"21,100A  "
08/10/1984,"27,800A  "
08/11/1984,"34,500A  "
08/12/1984,"52,900A  "
08/13/1984,"67,000A  "
08/14/1984,"68,000A  "
08/15/1984,"67,900A  "
08/16/1984,"72,200A  "
08/17/1984,"60,800A  "
08/18/1984,"51,200A  "
08/19/1984,"45,000A  "
08/20/1984,"39,000A  "
08/21/1984,"29,200A  "
08/22/1984,"26,600A  "
08/23/1984,"30,900A  "
08/24/1984,"21,100A  "
08/25/1984,"19,700A  "
08/26/1984,"22,000A  "
08/27/1984,"17,600A  "
08/28/1984,"16,200A  "
08/29/1984,"16,500A  "
08/30/1984,"23,100A  "
08/31/1984,"21,800A  "
09/01/1984,"16,100A  "
09/02/1984,"29,400A  "
09/03/1984,"16,000A  "
09/04/1984,"19,300A  "
09/05/1984,"19,200A  "
09/06/1984,"18,700A  "
09/07/1984,"16,600A  "
09/08/1984,"19,000A  "
09/09/1984,"17,800A  "
09/10/1984,"16,100A  "
09/11/1984,"14,500A  "
09/12/1984,"17,800A  "
09/13/1984,"14,200A  "
09/14/1984,"14,800A  "
09/15/1984,"18,300A  "
09/16/1984,"17,300A  "
09/17/1984,"19,200A  "
09/18/1984,"16,800A  "
09/19/1984,"15,600A  "
09/20/1984,"5,300A  "
09/21/1984,"14,000A  "
09/22/1984,"9,630A  "
09/23/1984,"6,130A  "
09/24/1984,"11,500A  "
09/25/1984,"12,200A  "
09/26/1984,"9,120A  "
09/27/1984,"13,800A  "
09/28/1984,"9,570A  "
09/29/1984,"7,440A  "
09/30/1984,"9,970A  "
10/01/1984,"15,600A  "
10/02/1984,"17,300A  "
10/03/1984,"11,400A  "
10/04/1984,"14,400A  "
10/05/1984,"16,400A  "
10/06/1984,"12,500A  "
10/07/1984,"10,700A  "
10/08/1984,"9,310A  "
10/09/1984,"16,900A  "
10/10/1984,"13,800A  "
10/11/1984,"13,600A  "
10/12/1984,"10,900A  "
10/13/1984,"10,700A  "
10/14/1984,"8,510A  "
10/15/1984,"10,700A  "
10/16/1984,"8,950A  "
10/17/1984,"13,000A  "
10/18/1984,"13,400A  "
10/19/1984,"12,600A  "
10/20/1984,"9,540A  "
10/21/1984,"9,230A  "
10/22/1984,"14,200A  "
10/23/1984,"20,400A  "
10/24/1984,"24,200A  "
10/25/1984,"23,800A  "
10/26/1984,"31,700A  "
10/27/1984,"24,200A  "
10/28/1984,"19,500A  "
10/29/1984,"34,600A  "
10/30/1984,"48,100A  "
10/31/1984,"50,000A  "
11/01/1984,"33,400A  "
11/02/1984,"41,000A  "
11/03/1984,"28,600A  "
11/04/1984,"34,800A  "
11/05/1984,"42,000A  "
11/06/1984,"62,700A  "
11/07/1984,"68,400A  "
11/08/1984,"59,300A  "
11/09/1984,"52,400A  "
11/10/1984,"59,400A  "
11/11/1984,"97,500A  "
11/12/1984,"108,000A  "
11/13/1984,"91,500A  "
11/14/1984,"75,300A  "
11/15/1984,"64,800A  "
11/16/1984,"55,300A  "
11/17/1984,"54,900A  "
11/18/1984,"55,100A  "
11/19/1984,"51,600A  "
11/20/1984,"63,600A  "
11/21/1984,"59,700A  "
11/22/1984,"52,100A  "
11/23/1984,"45,600A  "
11/24/1984,"40,000A  "
11/25/1984,"36,400A  "
11/26/1984,"29,600A  "
11/27/1984,"29,600A  "
11/28/1984,"29,400A  "
11/29/1984,"51,000A  "
11/30/1984,"74,600A  "
12/01/1984,"64,100A  "
12/02/1984,"60,700A  "
12/03/1984,"56,900A  "
12/04/1984,"53,500A  "
12/05/1984,"51,900A  "
12/06/1984,"51,100A  "
12/07/1984,"48,100A  "
12/08/1984,"46,400A  "
12/09/1984,"40,900A  "
12/10/1984,"40,400A  "
12/11/1984,"62,100A  "
12/12/1984,"76,600A  "
12/13/1984,"77,700A  "
12/14/1984,"74,500A  "
12/15/1984,"89,500A  "
12/16/1984,"83,500A  "
12/17/1984,"82,300A  "
12/18/1984,"69,000A  "
12/19/1984,"63,300A  "
12/20/1984,"68,400A  "
12/21/1984,"94,100A  "
12/22/1984,"133,000A  "
12/23/1984,"131,000A  "
12/24/1984,"106,000A  "
12/25/1984,"95,300A  "
12/26/1984,"101,000A  "
12/27/1984,"87,000A  "
12/28/1984,"79,400A  "
12/29/1984,"72,900A  "
12/30/1984,"96,100A  "
12/31/1984,"126,000A  "
01/01/1985,"121,000A  "
01/02/1985,"103,000A  "
01/03/1985,"94,600A  "
01/04/1985,"90,200A  "
01/05/1985,"80,300A  "
01/06/1985,"70,800A  "
01/07/1985,"70,600A  "
01/08/1985,"66,900A  "
01/09/1985,"54,900A  "
01/10/1985,"53,300A  "
01/11/1985,"44,600A  "
01/12/1985,"38,600A  "
01/13/1985,"39,900A  "
01/14/1985,"40,700A  "
01/15/1985,"33,500A  "
01/16/1985,"33,700A  "
01/17/1985,"26,800A  "
01/18/1985,"23,500A  "
01/19/1985,"27,300A  "
01/20/1985,"28,700A  "
01/21/1985,"16,800A  "
01/22/1985,"8,370A  "
01/23/1985,"16,200A  "
01/24/1985,"16,200A  "
01/25/1985,"21,200A  "
01/26/1985,"14,100A  "
01/27/1985,"12,800A  "
01/28/1985,"15,800A  "
01/29/1985,"15,000A  "
01/30/1985,"16,900A  "
01/31/1985,"19,600A  "
02/01/1985,"19,600A  "
02/02/1985,"41,500A  "
02/03/1985,"37,000A  "
02/04/1985,"29,100A  "
02/05/1985,"32,600A  "
02/06/1985,"28,400A  "
02/07/1985,"38,700A  "
02/08/1985,"34,800A  "
02/09/1985,"28,200A  "
02/10/1985,"25,800A  "
02/11/1985,"22,600A  "
02/12/1985,"33,100A  "
02/13/1985,"63,100A  "
02/14/1985,"65,800A  "
02/15/1985,"55,000A  "
02/16/1985,"51,600A  "
02/17/1985,"45,700A  "
02/18/1985,"46,300A  "
02/19/1985,"47,300A  "
02/20/1985,"50,900A  "
02/21/1985,"57,900A  "
02/22/1985,"82,200A  "
02/23/1985,"156,000A  "
02/24/1985,"226,000A  "
02/25/1985,"336,000A  "
02/26/1985,"375,000A  "
02/27/1985,"265,000A  "
02/28/1985,"171,000A  "
03/01/1985,"159,000A  "
03/02/1985,"148,000A  "
03/03/1985,"139,000A  "
03/04/1985,"125,000A  "
03/05/1985,"114,000A  "
03/06/1985,"120,000A  "
03/07/1985,"120,000A  "
03/08/1985,"107,000A  "
03/09/1985,"109,000A  "
03/10/1985,"119,000A  "
03/11/1985,"112,000A  "
03/12/1985,"161,000A  "
03/13/1985,"221,000A  "
03/14/1985,"223,000A  "
03/15/1985,"168,000A  "
03/16/1985,"139,000A  "
03/17/1985,"119,000A  "
03/18/1985,"97,000A  "
03/19/1985,"84,000A  "
03/20/1985,"71,200A  "
03/21/1985,"68,400A  "
03/22/1985,"56,600A  "
03/23/1985,"58,000A  "
03/24/1985,"58,100A  "
03/25/1985,"72,700A  "
03/26/1985,"81,800A  "
03/27/1985,"74,300A  "
03/28/1985,"73,800A  "
03/29/1985,"78,800A  "
03/30/1985,"269,000A  "
03/31/1985,"295,000A  "
04/01/1985,"320,000A  "
04/02/1985,"341,000A  "
04/03/1985,"192,000A  "
04/04/1985,"171,000A  "
04/05/1985,"155,000A  "
04/06/1985,"139,000A  "
04/07/1985,"121,000A  "
04/08/1985,"104,000A  "
04/09/1985,"115,000A  "
04/10/1985,"95,200A  "
04/11/1985,"86,200A  "
04/12/1985,"80,700A  "
04/13/1985,"75,200A  "
04/14/1985,"62,100A  "
04/15/1985,"62,800A  "
04/16/1985,"55,300A  "
04/17/1985,"59,400A  "
04/18/1985,"50,100A  "
04/19/1985,"49,300A  "
04/20/1985,"43,600A  "
04/21/1985,"40,400A  "
04/22/1985,"31,400A  "
04/23/1985,"38,100A  "
04/24/1985,"34,200A  "
04/25/1985,"26,900A  "
04/26/1985,"25,300A  "
04/27/1985,"25,900A  "
04/28/1985,"24,100A  "
04/29/1985,"17,200A  "
04/30/1985,"21,400A  "
05/01/1985,"26,200A  "
05/02/1985,"48,400A  "
05/03/1985,"86,500A  "
05/04/1985,"93,200A  "
05/05/1985,"73,900A  "
05/06/1985,"58,100A  "
05/07/1985,"47,600A  "
05/08/1985,"34,300A  "
05/09/1985,"24,800A  "
05/10/1985,"22,500A  "
05/11/1985,"20,500A  "
05/12/1985,"17,700A  "
05/13/1985,"20,000A  "
05/14/1985,"16,400A  "
05/15/1985,"19,300A  "
05/16/1985,"36,000A  "
05/17/1985,"29,900A  "
05/18/1985,"29,900A  "
05/19/1985,"30,100A  "
05/20/1985,"25,800A  "
05/21/1985,"27,900A  "
05/22/1985,"23,000A  "
05/23/1985,"24,600A  "
05/24/1985,"31,600A  "
05/25/1985,"47,200A  "
05/26/1985,"33,000A  "
05/27/1985,"26,900A  "
05/28/1985,"34,900A  "
05/29/1985,"42,600A  "
05/30/1985,"33,200A  "
05/31/1985,"61,700A  "
06/01/1985,"104,000A  "
06/02/1985,"88,700A  "
06/03/1985,"51,500A  "
06/04/1985,"47,700A  "
06/05/1985,"41,300A  "
06/06/1985,"35,100A  "
06/07/1985,"33,500A  "
06/08/1985,"27,300A  "
06/09/1985,"23,100A  "
06/10/1985,"28,500A  "
06/11/1985,"16,300A  "
06/12/1985,"32,600A  "
06/13/1985,"45,100A  "
06/14/1985,"43,500A  "
06/15/1985,"36,900A  "
06/16/1985,"33,400A  "
06/17/1985,"28,500A  "
06/18/1985,"26,800A  "
06/19/1985,"22,800A  "
06/20/1985,"25,300A  "
06/21/1985,"22,300A  "
06/22/1985,"19,200A  "
06/23/1985,"26,000A  "
06/24/1985,"23,300A  "
06/25/1985,"23,900A  "
06/26/1985,"19,000A  "
06/27/1985,"14,100A  "
06/28/1985,"14,100A  "
06/29/1985,"13,400A  "
06/30/1985,"14,800A  "
07/01/1985,"11,600A  "
07/02/1985,"10,100A  "
07/03/1985,"11,500A  "
07/04/1985,"14,400A  "
07/05/1985,"14,000A  "
07/06/1985,"17,900A  "
07/07/1985,"14,800A  "
07/08/1985,"17,200A  "
07/09/1985,"34,300A  "
07/10/1985,"54,500A  "
07/11/1985,"69,100A  "
07/12/1985,"59,300A  "
07/13/1985,"46,700A  "
07/14/1985,"31,700A  "
07/15/1985,"60,900A  "
07/16/1985,"58,300A  "
07/17/1985,"42,400A  "
07/18/1985,"41,500A  "
07/19/1985,"27,200A  "
07/20/1985,"21,600A  "
07/21/1985,"17,100A  "
07/22/1985,"11,700A  "
07/23/1985,"24,800A  "
07/24/1985,"16,700A  "
07/25/1985,"17,400A  "
07/26/1985,"16,100A  "
07/27/1985,"17,300A  "
07/28/1985,"17,000A  "
07/29/1985,"14,100A  "
07/30/1985,"14,700A  "
07/31/1985,"11,100A  "
08/01/1985,"16,500A  "
08/02/1985,"13,200A  "
08/03/1985,"12,000A  "
08/04/1985,"16,600A  "
08/05/1985,"11,100A  "
08/06/1985,"6,040A  "
08/07/1985,"10,200A  "
08/08/1985,"10,600A  "
08/09/1985,"7,070A  "
08/10/1985,"12,900A  "
08/11/1985,"14,100A  "
08/12/1985,"9,520A  "
08/13/1985,"7,140A  "
08/14/1985,"7,420A  "
08/15/1985,"10,100A  "
08/16/1985,"20,900A  "
08/17/1985,"18,000A  "
08/18/1985,"13,300A  "
08/19/1985,"17,200A  "
08/20/1985,"11,200A  "
08/21/1985,"13,500A  "
08/22/1985,"11,300A  "
08/23/1985,"7,130A  "
08/24/1985,"9,640A  "
08/25/1985,"13,100A  "
08/26/1985,"18,900A  "
08/27/1985,"15,700A  "
08/28/1985,"10,200A  "
08/29/1985,"8,510A  "
08/30/1985,"7,780A  "
08/31/1985,"9,390A  "
09/01/1985,"11,800A  "
09/02/1985,"14,400A  "
09/03/1985,"12,000A  "
09/04/1985,"9,830A  "
09/05/1985,"9,320A  "
09/06/1985,"9,400A  "
09/07/1985,"7,860A  "
09/08/1985,"5,940A  "
09/09/1985,"7,400A  "
09/10/1985,"8,230A  "
09/11/1985,"12,500A  "
09/12/1985,"16,300A  "
09/13/1985,"11,900A  "
09/14/1985,"8,570A  "
09/15/1985,"7,860A  "
09/16/1985,"8,520A  "
09/17/1985,"8,990A  "
09/18/1985,"8,660A  "
09/19/1985,"7,470A  "
09/20/1985,"6,450A  "
09/21/1985,"7,600A  "
09/22/1985,"7,860A  "
09/23/1985,"7,650A  "
09/24/1985,"7,130A  "
09/25/1985,"9,990A  "
09/26/1985,"13,400A  "
09/27/1985,"10,300A  "
09/28/1985,"10,100A  "
09/29/1985,"9,420A  "
